Expert,Family,Genus,Species,match_to_tree,Major.Group,Minor.Group,fm_scoring_fruit,seed.min,seed.max,fm_scoring_seed_number,seed.length.min,seed.length.max,seed.width.min,seed.width.max,fm_scoring_pollination1,fm_scoring_pollination2,Corolla.diameter..min...max...prevalent.,Corolla.diameter.min,Corolla.diameter.max,fm_scoring_corolla_diam,Hypanthium.length..min...max...prevalent.,Family.y,Genus.y,Species.y
Fabian Michelangeli,Melastomataceae,Acanthella,sprucei,Melastomataceae_Acanthella_sprucei,Melastomatoideae,Marcetieae,dry,50,100,75,4,5,NA,NA,NA,NA,12; 15,NA,NA,NA,10; 12,Melastomataceae,Acanthella,sprucei
Karinne Valdemarin,Myrtaceae,Accara,elegans,Myrtaceae_Accara_elegans,Myrteae,Myrtinae,fleshy,40,40,40,3,3,NA,NA,insects,biotic,?,NA,NA,NA,absent,Myrtaceae,Accara,elegans
Fabian Michelangeli,Melastomataceae,Aciotis,purpurascens,Melastomataceae_Aciotis_purpurascens,Melastomatoideae,Marcetieae,fleshy,NA,NA,NA,0.5,0.5,0.5,0.5,NA,NA,3.5; 4.5,NA,NA,NA,2; 3 ,Melastomataceae,Aciotis,purpurascens
Fabian Michelangeli,Melastomataceae,Acisanthera,quadrata,Melastomataceae_Acisanthera_quadrata,Melastomatoideae,Marcetieae,dry,NA,NA,NA,0.55,0.75,NA,NA,NA,NA,5; 6,NA,NA,NA,2; 2.5,Melastomataceae,Acisanthera,quadrata
Peter Wilson,Myrtaceae,Actinodium,cunninghamii,Myrtaceae_Actinodium_cunninghamii,Chamelaucieae,Chamelauciinae,dry,1,1,,NA,NA,NA,NA,insects,biotic,c. 3 mm,NA,NA,NA,c. 2 mm,Myrtaceae,Actinodium,cunninghamii
Fabian Michelangeli,Melastomataceae,Adelobotrys,adscendens,Melastomataceae_Adelobotrys_adscendens,Melastomatoideae,Merianieae,dry,100,100,100,0.55,0.65,NA,NA,insects,biotic,12; 15.5,NA,NA,NA,6; 6.5,Melastomataceae,Adelobotrys,adscendens
Shirley Graham,Lythraceae,Adenaria,floribunda,Lythraceae_Adenaria_floribunda,,,dry,7,20,13.5,0.9,1.3,0.8,1.2,abiotic,abiotic,2.0-2.5,NA,NA,NA,2.5-5.0,Lythraceae,Adenaria,floribunda
Peter Wilson,Myrtaceae,Agonis,,Myrtaceae_Agonis_,Leptospermeae,,dry,3,6,,1.2,1.5,NA,NA,insects,biotic,8–12 mm,NA,NA,NA,1.5–2 mm,Myrtaceae,Agonis,
Karinne Valdemarin,Myrtaceae,Algrizea,minor,Myrtaceae_Algrizea_macrochlamys,Myrteae,Pliniinae,fleshy,2,3,"2,5",4,4,NA,NA,insects,biotic,?,NA,NA,NA,absent,Myrtaceae,Algrizea,minor
Fabian Michelangeli,Melastomataceae,Allomaieta,hirsuta,Melastomataceae_Allomaieta_hirsuta,Melastomatoideae,Cyphostyleae,dry,100,100,100,0.6,0.65,NA,NA,NA,NA,6,NA,NA,NA,18; 24,Melastomataceae,Allomaieta,hirsuta
Darin Penneys,Melastomataceae,Allomorphia,urophylla,Melastomataceae_Allomorphia_urophylla,Melastomatoideae,Sonerileae,dry,100,100,100,NA,NA,NA,NA,insects,biotic,7,NA,NA,NA,,Melastomataceae,Allomorphia,urophylla
Fabian Michelangeli,Melastomataceae,Alloneuron,ulei,Melastomataceae_Alloneuron_ulei,Melastomatoideae,Cyphostyleae,dry,100,100,100,0.6,0.75,NA,NA,NA,NA,2.4,NA,NA,NA,1; 1.4,Melastomataceae,Alloneuron,ulei
Andrew Thornhill,Myrtaceae,Allosyncarpia,ternata,Myrtaceae_Allosyncarpia_ternata,Eucalypteae,Mesicalypt (as per Thornhill et al. 2019),Dry,1,2,"1,5",NA,NA,NA,NA,insects,biotic,5,NA,NA,NA,,Myrtaceae,Allosyncarpia,ternata
Peter Wilson,Myrtaceae,Aluta,aspera,Myrtaceae_Aluta_aspera,Chamelaucieae,Alutinae,dry,1,1,,NA,NA,NA,NA,insects,biotic,7–12 mm,NA,NA,NA,c. 3 mm,Myrtaceae,Aluta,aspera
Fabian Michelangeli,Alzateaceae,Alzatea,verticillata,Alzateaceae_Alzatea_verticillata,,,dry,40,60,50,NA,NA,NA,NA,insects,biotic,na,NA,NA,NA,1.5-2,Alzateaceae,Alzatea,verticillata
Shirley Graham,Lythraceae,Ammannia,coccinea,Lythraceae_Ammannia_coccinea,,,dry,100,500,300,0.3,0.4,0.3,0.5,insects,biotic,"1.0-2.5, prev 2 mm",NA,NA,NA,"1.0-6.0, prev 2-3 mm",Lythraceae,Ammannia,coccinea
NA,NA,NA,NA,Myrtaceae_Amomyrtella_guili,NA,NA,NA,NA,NA,NA,NA,NA,NA,NA,NA,NA,NA,NA,NA,NA,NA,Myrtaceae,Amomyrtella,guili
NA,NA,NA,NA,Myrtaceae_Amomyrtus_meli,NA,NA,NA,NA,NA,NA,NA,NA,NA,NA,NA,NA,NA,NA,NA,NA,NA,Myrtaceae,Amomyrtus,meli
Darin Penneys,Melastomataceae,Amphiblemma,cymosum,Melastomataceae_Amphiblemma_cymosum,Melastomatoideae,Sonerileae,dry,100,100,100,0.5,1.5,NA,NA,insects,biotic,4; 43; 22,NA,NA,NA,,Melastomataceae,Amphiblemma,cymosum
Darin Penneys,Melastomataceae,Amphorocalyx,latifolius,Melastomataceae_Amphorocalyx_latifolius,Melastomatoideae,Melastomeae-OW,dry,100,100,100,0.5,1,NA,NA,insects,biotic,14; 42; 30,NA,NA,NA,,Melastomataceae,Amphorocalyx,latifolius
Fabian Michelangeli,Melastomataceae,Anaectocalyx,bracteosa,Melastomataceae_Anaectocalyx_bracteosa,Melastomatoideae,Miconieae,fleshy,100,100,100,0.55,0.75,NA,NA,insects,biotic,12; 14,NA,NA,NA,4; 6,Melastomataceae,Anaectocalyx,bracteosa
Andrew Thornhill,Myrtaceae,Angophora,euryphylla,Myrtaceae_Angophora_euryphylla,Eucalypteae,Eucalypt (as per Thornhill et al. 2019),Dry,NA,NA,NA,1,10,NA,NA,insects/vertebrates,biotic,4;5;4 (Sepals),NA,NA,NA,,Myrtaceae,Angophora,euryphylla
Darin Penneys,Melastomataceae,Antherotoma,naudinii,Melastomataceae_Antherotoma_naudinii,Melastomatoideae,Melastomeae-OW,dry,100,100,100,0.5,0.5,0.5,0.5,insects,biotic,8; 9; 8.5,NA,NA,NA,,Melastomataceae,Antherotoma,naudinii
Fabian Michelangeli,Melastomataceae,Appendicularia,thymifolia,Melastomataceae_Appendicularia_thymifolia,Melastomatoideae,Marcetieae,dry,100,100,100,0.5,0.55,NA,NA,insects,biotic,,NA,NA,NA,,Melastomataceae,Appendicularia,thymifolia
NA,NA,NA,NA,Myrtaceae_Archirhodomyrtus_paitensis,NA,NA,NA,NA,NA,NA,NA,NA,NA,NA,NA,NA,NA,NA,NA,NA,NA,Myrtaceae,Archirhodomyrtus,paitensis
Andrew Thornhill,Myrtaceae,Arillastrum,gummiferum,Myrtaceae_Arillastrum_gummiferum,Eucalypteae,Newcalypt (as per Thornhill et al. 2019),Dry,NA,NA,NA,NA,NA,NA,NA,insects,biotic,4,NA,NA,NA,,Myrtaceae,Arillastrum,gummiferum
Fabian Michelangeli,Melastomataceae,Arthrostemma,ciliatum,Melastomataceae_Arthrostemma_ciliatum,Melastomatoideae,Rhexieae,dry,100,100,100,1,1,1,1,insects,biotic,20; 30,NA,NA,NA,7; 10,Melastomataceae,Arthrostemma,ciliatum
Peter Wilson,Myrtaceae,Astartea,fascicularis,Myrtaceae_Astartea_fascicularis,Chamelaucieae,Astarteinae,dry,3,NA,,NA,1,NA,NA,insects,biotic,6–9 mm,NA,NA,NA,1.5–2 mm ,Myrtaceae,Astartea,fascicularis
Peter Wilson,Myrtaceae,Asteromyrtus,angustifolia,Myrtaceae_Astereomyrtus_symphiocarpa,Leptospermeae,,dry,3,6,,3,4.5,NA,NA,insects,biotic,9–18 mm,NA,NA,NA,4–11 mm long,Myrtaceae,Asteromyrtus,angustifolia
Darin Penneys,Melastomataceae,Astrocalyx,calycina,Melastomataceae_Astrocalyx_calycina,Melastomatoideae,Astronieae,dry,100,100,100,0.5,1.8,NA,NA,insects,biotic,14; 15; 14.5,NA,NA,NA,0.5; 1; 0.75,Melastomataceae,Astrocalyx,calycina
Darin Penneys,Melastomataceae,Astronidium,morobiense,Melastomataceae_Astronidium_pickeringii,Melastomatoideae,Astronieae,dry,100,100,100,0.75,2.5,NA,NA,insects,biotic,7; 20; 12,NA,NA,NA,,Melastomataceae,Astronidium,morobiense
Peter Wilson,Myrtaceae,Astus,tetragonus,Myrtaceae_Astus_tetragonus,Chamelaucieae,Rinziinae,dry,1,1,,1.2,1.2,NA,NA,insects,biotic,3–5 mm,NA,NA,NA,1–2.5 mm (excl. sepals 1–1.2 mm long),Myrtaceae,Astus,tetragonus
NA,NA,NA,NA,Myrtaceae_Austromyrtus_dulcis,NA,NA,NA,NA,NA,NA,NA,NA,NA,NA,NA,NA,NA,NA,NA,NA,NA,Myrtaceae,Austromyrtus,dulcis
Fabian Michelangeli,Melastomataceae,Axinaea,floribunda,Melastomataceae_Axinaea_floribunda,Melastomatoideae,Merianieae,dry,50,50,50,1,1.25,NA,NA,vertebrates,biotic,6; 8,NA,NA,NA,2; 3,Melastomataceae,Axinaea,floribunda
Fabian Michelangeli,Crypteroniaceae,Axinandra,zeylanica,Crypteroniaceae_Axinandra_zeylanica,,,dry,6,12,9,NA,NA,NA,NA,NA,NA,,NA,NA,NA,,Crypteroniaceae,Axinandra,zeylanica
Peter Wilson,Myrtaceae,Babingtonia,camphorosmae,Myrtaceae_Babingtonia_camphorosmae,Chamelaucieae,Hysterobaeckeinae,dry,NA,NA,,1,1.6,NA,NA,insects,biotic,8–11 mm,NA,NA,NA,1.5–2.2 mm long,Myrtaceae,Babingtonia,camphorosmae
Peter Wilson,Myrtaceae,Backhousia,hughesii,Myrtaceae_Backhousia_hughesii,Backhousieae,,dry,1,2,,NA,NA,NA,NA,insects,biotic,8.5–9.5 mm,NA,NA,NA,2–2.5 mm,Myrtaceae,Backhousia,hughesii
Peter Wilson,Myrtaceae,Balaustion,pulcherrimum,Myrtaceae_Balaustion_pulcherrimum,Chamelaucieae,Hysterobaeckeinae,dry,NA,NA,,2.5,2.5,NA,NA,vertebrates,biotic,15–25 mm,NA,NA,NA,9–20 mm,Myrtaceae,Balaustion,pulcherrimum
Peter Wilson,Myrtaceae,Barongia,lophandra,Myrtaceae_Barongia_lophandra,Kanieae,,dry,1,2,,6,6,NA,NA,NA,NA,20–30 mm ,NA,NA,NA,c. 2 mm (excluding sepals 2 mm long),Myrtaceae,Barongia,lophandra
Darin Penneys,Melastomataceae,Barthea,barthei,Melastomataceae_Barthea_barthei,Melastomatoideae,Sonerileae,dry,100,100,100,2.2,3.2,NA,NA,insects,biotic,22; 45; 33,NA,NA,NA,,Melastomataceae,Barthea,barthei
Peter Wilson,Myrtaceae,Basisperma,lanceolata,Myrtaceae_Basisperma_lanceolata,Kanieae,,dry,1,1,,3,3,NA,NA,NA,NA,c. 6 mm,NA,NA,NA,c. 2 mm (excluding sepals 1 mm long),Myrtaceae,Basisperma,lanceolata
Peter Wilson,Myrtaceae,Beaufortia,squarrosa,Myrtaceae_Beaufortia_squarrosa,Melaleuceae,,dry,1,3,,0.5,0.5,NA,NA,insects,biotic,c. 8 mm (but flowers clustered and stamens spreading widely),NA,NA,NA,2.5–4 mm ,Myrtaceae,Beaufortia,squarrosa
Darin Penneys,Melastomataceae,Beccarianthus,pulcherrimus,Melastomataceae_Beccarianthus_pulcherrimus,Melastomatoideae,Astronieae,dry,100,100,100,1,2.5,NA,NA,vertebrates,biotic,12; 25; 20,NA,NA,NA,,Melastomataceae,Beccarianthus,pulcherrimus
Fabian Michelangeli,Melastomataceae,Behuria,glutinosa,Melastomataceae_Behuria_glutinosa,Melastomatoideae,Cambessedesieae,dry,100,100,100,0.6,1,NA,NA,insects,biotic,13; 16,NA,NA,NA,4; 6,Melastomataceae,Behuria,glutinosa
Fabian Michelangeli,Melastomataceae,Bellucia,pentamera,Melastomataceae_Bellucia_pentamera,Melastomatoideae,Henrietteeae,fleshy,100,100,100,0.6,0.8,NA,NA,insects,biotic,15; 20,NA,NA,NA,9; 11,Melastomataceae,Bellucia,pentamera
Fabian Michelangeli,Melastomataceae,Bertolonia,wurdackiana,Melastomataceae_Bertolonia_paranaensis,Melastomatoideae,Bertolonieae,dry,100,100,100,0.4,0.55,NA,NA,insects,biotic,7.8; 8.3,NA,NA,NA,2.7; 2.9,Melastomataceae,Bertolonia,wurdackiana
Darin Penneys,Melastomataceae,Blakea,schlimii,Melastomataceae_Blakea_schlimii,Melastomatoideae,Blakeeae,fleshy,100,100,100,0.6,1.8,NA,NA,insects,biotic,10; 160; 60,NA,NA,NA,,Melastomataceae,Blakea,schlimii
Darin Penneys,Melastomataceae,Blastus,borneensis,Melastomataceae_Blastus_borneensis,Melastomatoideae,Sonerileae,dry,100,100,100,0.3,1.8,NA,NA,insects,biotic,2.5; 11; 5,NA,NA,NA,,Melastomataceae,Blastus,borneensis
Carolyn Proença,Myrtaceae,Blepharocalyx,salicifolia,Myrtaceae_Blepharocalyx_salicifolia,Myrteae,Blepharocalycinae,fleshy,1,11,6,3,10,NA,NA,insects,biotic,2.5mm; 4mm; 4mm,2.5,4,3.25,0.5;1; 2mm,Myrtaceae,Blepharocalyx,salicifolia
Fabian Michelangeli,Melastomataceae,Boyania,ayangannae,Melastomataceae_Boyania_ayangannae,Melastomatoideae,Sonerileae,dry,100,100,100,NA,NA,NA,NA,insects,biotic,8; 13,NA,NA,NA,2.1; 2.5,Melastomataceae,Boyania,ayangannae
Fabian Michelangeli,Melastomataceae,Brachyotum,angustifolium,Melastomataceae_Brachyotum_quinquinerve,Melastomatoideae,Melastomateae,dry,100,100,100,0.5,0.9,NA,NA,vertebrates,biotic,10; 12,NA,NA,NA,4; 5,Melastomataceae,Brachyotum,angustifolium
Fabian Michelangeli,Penaeaceae,Brachysiphon,fucatus,Penaeaceae_Brachysiphon_fucatus,,,dry,NA,NA,NA,3,3.4,NA,NA,NA,NA,n/a,NA,NA,NA,5; 6,Penaeaceae,Brachysiphon,fucatus
Darin Penneys,Melastomataceae,Bredia,okinawensis,Melastomataceae_Bredia_okinawensis,Melastomatoideae,Sonerileae,dry,100,100,100,0.4,1,NA,NA,insects,biotic,10; 24; 17,NA,NA,NA,,Melastomataceae,Bredia,okinawensis
"Olivier Maurin, Ian Turner",Combretaceae,Buchenavia,tetraphylla,Combretaceae_Buchenavia_reticulata,Combretoideae,Combreteae / Terminaliinae,fleshy,1,1,1,5,40,NA,NA,insects,biotic,absent,NA,NA,NA,2.5-5 mm,Combretaceae,Buchenavia,tetraphylla
Fabian Michelangeli,Melastomataceae,Bucquetia,glutinosa,Melastomataceae_Bucquetia_glutinosa,Melastomatoideae,Melastomateae,dry,100,100,100,NA,NA,NA,NA,insects,biotic,12; 14,NA,NA,NA,5,Melastomataceae,Bucquetia,glutinosa
Gustavo Shimizu & Deise Gonçalves,Vochysiaceae,Callisthene,microphylla,Vochysiaceae_Callisthene_microphylla,,,Dry,3,6,4.5,5,10,3,7,insects,biotic,0.5-1.3 cm long,5,13,9,not measured,Vochysiaceae,Callisthene,microphylla
Darin Penneys,Melastomataceae,Calvoa,crassinoda,Melastomataceae_Calvoa_crassinoda,Melastomatoideae,Sonerileae,dry,100,100,100,0.5,2,NA,NA,insects,biotic,14; 40; 28,NA,NA,NA,,Melastomataceae,Calvoa,crassinoda
Fabian Michelangeli,Melastomataceae,Calycogonium,rosmarinifolium,Melastomataceae_Calycogonium_rosmarinifolium,Melastomatoideae,Miconieae,fleshy,15,20,,1.7,2.3,NA,NA,insects,biotic,4.5; 5.0,NA,NA,NA,2.5,Melastomataceae,Calycogonium,rosmarinifolium
Paulo Gaem,Myrtaceae,Calycolpus,goetheanus,Myrtaceae_Calycolpus_goetheanus,Myrteae,Myrtinae,Fleshy,3,200,101.5,1.5,5,NA,NA,insects,biotic,?,NA,NA,NA,1; 8; 3-5,Myrtaceae,Calycolpus,goetheanus
Peter Wilson,Myrtaceae,Calytrix,leschenaultii,Myrtaceae_Calytrix_leschenaultii,Chamelaucieae,Calytricinae,dry,1,1,,2.5,3.5,NA,NA,insects,biotic,10–16 mm,NA,NA,NA,6–11 mm,Myrtaceae,Calytrix,leschenaultii
Fabian Michelangeli,Melastomataceae,Cambessedesia,eichlerii,Melastomataceae_Cambessedesia_eichleri,Melastomatoideae,Cambessedesieae,dry,100,100,100,0.5,0.5,0.5,0.5,insects,biotic,4.5; 5.5,NA,NA,NA,5; 6,Melastomataceae,Cambessedesia,eichlerii
Peter Hoch,Onagraceae,Camissonia,tanacetifolia,Onagraceae_Camissonia_strigulosa,Subfam. Onagroideae,Tribe Onagreae,dry,80,160,120,1.3,2.2,NA,NA,insects,biotic,10; 45; 20,10,45,27.5,1.5; 8; 3,Onagraceae,Camissonia,tanacetifolia
Shirley Graham,Lythraceae,Capuronia,benoistii,Lythraceae_Capuronia_benoistii,,,dry,5,8,6.5,2.9,3.2,2.3,2.7,NA,NA,1.3 mm,NA,NA,NA,1-2 mm,Lythraceae,Capuronia,benoistii
Fabian Michelangeli,Melastomataceae,Castratella,piloselloides,Melastomataceae_Castratella_piloselloides,Melastomatoideae,Melastomateae,dry,100,100,100,0.7,0.8,NA,NA,insects,biotic,8.5; 11,NA,NA,NA,6,Melastomataceae,Castratella,piloselloides
Fabian Michelangeli,Melastomataceae,Catocoryne,linnaeoides,Melastomataceae_Catocoryne_linnaeoides,Melastomatoideae,Miconieae,fleshy,50,50,50,0.3,0.4,NA,NA,insects,biotic,4; 5,NA,NA,NA,2,Melastomataceae,Catocoryne,linnaeoides
Fabian Michelangeli,Melastomataceae,Centradenia,floribunda,Melastomataceae_Centradenia_floribunda,Melastomatoideae,Melastomateae,dry,50,50,50,0.5,0.8,NA,NA,insects,biotic,4; 7,NA,NA,NA,2.5; 2.7,Melastomataceae,Centradenia,floribunda
Fabian Michelangeli,Melastomataceae,Centronia,laurifolia,Melastomataceae_Centronia_laurifolia,Melastomatoideae,Merianieae,dry,100,100,100,2,2,2,2,insects,biotic,14; 15.5,NA,NA,NA,8,Melastomataceae,Centronia,laurifolia
Fabian Michelangeli,Melastomataceae,Chaetolepis,lindeniana,Melastomataceae_Chaetolepis_lindeniana,Melastomatoideae,Melastomateae,dry,100,100,100,0.5,0.8,NA,NA,insects,biotic,5; 6,NA,NA,NA,2.5; 3,Melastomataceae,Chaetolepis,lindeniana
Fabian Michelangeli,Melastomataceae,Chaetostoma,pungens,Melastomataceae_Chaetostoma_pungens,Melastomatoideae,Microlicieae,dry,100,100,100,0.5,0.65,NA,NA,insects,biotic,9; 12.5,NA,NA,NA,4; 7,Melastomataceae,Chaetostoma,pungens
Darin Penneys,Melastomataceae,Chalybea,macrocarpa,Melastomataceae_Chalybea_macrocarpa,Melastomatoideae,Blakeeae,fleshy,100,100,100,0.8,1.6,NA,NA,vertebrates,biotic,18; 40; 30,NA,NA,NA,,Melastomataceae,Chalybea,macrocarpa
Peter Hoch,Onagraceae,Chemerion,latifolium,Onagraceae_Chamaenerion_latifolium,Subfam. Onagroideae,Tribe Epilobieae,dry,200,500,350,1,2.5,NA,NA,insects,biotic,20; 70; c. 35,20,70,45,0 (no hypan.),Onagraceae,Chemerion,latifolium
Peter Wilson,Myrtaceae,Chamelaucium,uncinatum,Myrtaceae_Chamelaucium_uncinatum,Chamelaucieae,Chamelauciinae,dry,1,1,,6,6,NA,NA,insects,biotic,15–20 mm,NA,NA,NA,4.5–7 mm,Myrtaceae,Chamelaucium,uncinatum
Karinne Valdemarin,Myrtaceae,Chamguava,schipii,Myrtaceae_Chamguava_schipii,Myrteae,Myrtinae,fleshy,1,4,"2,5",6,10,NA,NA,NA,NA,?,NA,NA,NA,absent,Myrtaceae,Chamguava,schipii
Fabian Michelangeli,Melastomataceae,Charianthus,purpureus,Melastomataceae_Charianthus_purpureus,Melastomatoideae,Miconieae,fleshy,100,100,100,0.6,0.95,NA,NA,vertebrates,biotic,9; 12,NA,NA,NA,4.2; 5.5,Melastomataceae,Charianthus,purpureus
Peter Wilson,Myrtaceae,Cheyniana,microphylla,Myrtaceae_Cheyniana_microphylla,Chamelaucieae,Hysterobaeckeinae,dry,6,27,,1.4,1.7,NA,NA,vertebrates,biotic,10–14 mm,NA,NA,NA,4–8 mm long,Myrtaceae,Cheyniana,microphylla
Peter Hoch,Onagraceae,Chylismia,claviformis,Onagraceae_Chylismia_claviformis_Camissonia,Subfam. Onagroideae,Tribe Onagreae,dry,80,160,120,0.5,1.8,NA,NA,insects,biotic,2; 30; c. 15,2,30,16,0.4; 40; ?,Onagraceae,Chylismia,claviformis
Darin Penneys,Melastomataceae,Cincinnobotrys,felicis,Melastomataceae_Cincinnobotrys_felicis,Melastomatoideae,Sonerileae,dry,100,100,100,0.3,2,NA,NA,insects,biotic,7; 32; 15,NA,NA,NA,,Melastomataceae,Cincinnobotrys,felicis
Peter Hoch,Onagraceae,Clarkia,purpurea,Onagraceae_Clarkia_purpurea,Subfam. Onagroideae,Tribe Onagreae,dry,1,300,150.5,0.5,3,NA,NA,insects,biotic,4; 55; c. 25,4,55,29.5,1; 35; 3.5,Onagraceae,Clarkia,purpurea
Fabian Michelangeli,Melastomataceae,Clidemia,eggersii,Melastomataceae_Clidemia_hirta,Melastomatoideae,Miconieae,dry,100,100,100,0.3,0.5,NA,NA,insects,biotic,7; 18,NA,NA,NA,5; 7.5,Melastomataceae,Clidemia,eggersii
Peter Wilson,Myrtaceae,Cloezia,buxifolia,Myrtaceae_Cloezia_buxifolia,Tristanieae,,dry,6,9,,4,4,NA,NA,insects,biotic,6–8 mm ,NA,NA,NA,2–3 mm,Myrtaceae,Cloezia,buxifolia
"Olivier Maurin, Ian Turner",Combretaceae,Thiloa,glaucocarpa,Combretaceae_Combretum_glaucocarpum_Thiloa,Combretoideae,Combreteae / Combretinae,dry,1,1,1,5,40,NA,NA,insects,biotic,"0,2-0,5",NA,NA,NA,2.5-5 mm,Combretaceae,Thiloa,glaucocarpa
Fabian Michelangeli,Melastomataceae,Comolia,lythrarioides,Melastomataceae_Comolia_lythrarioides,Melastomatoideae,Marcetieae,dry,100,100,100,0.6,0.9,NA,NA,insects,biotic,9; 12,NA,NA,NA,3; 5,Melastomataceae,Comolia,lythrarioides
"Olivier Maurin, Ian Turner",Combretaceae,Conocarpus,erectus,Combretaceae_Conocarpus_erectus,Combretoideae,Combreteae / Terminaliinae,dry,1,1,1,2,4,NA,NA,insects,biotic,absent,NA,NA,NA,1.5-3 mm,Combretaceae,Conocarpus,erectus
Fabian Michelangeli,Melastomataceae,Conostegia,icosandra,Melastomataceae_Conostegia_icosandra,Melastomatoideae,Miconieae,fleshy,100,100,100,0.4,0.8,NA,NA,insects,biotic,7; 8,NA,NA,NA,3.5; 5.5,Melastomataceae,Conostegia,icosandra
Peter Wilson,Myrtaceae,Conothamnus,aureus,Myrtaceae_Conothamnus_aureus,Melaleuceae,,dry,3,3,,1,1,NA,NA,insects,biotic,petals absent,NA,NA,NA,0.5–1 mm,Myrtaceae,Conothamnus,aureus
Andrew Thornhill,Myrtaceae,Corymbia,ficifolia,Myrtaceae_Corymbia_ficifolia,Eucalypteae,Eucalypt (as per Thornhill et al. 2019),Dry,NA,NA,NA,1,18,NA,NA,insects/vertebrates,biotic,,NA,NA,NA,,Myrtaceae,Corymbia,ficifolia
Peter Wilson,Myrtaceae,Corynanthera,flava,Myrtaceae_Corynanthera_flava,Chamelaucieae,Micromyrtinae,dry,1,1,,2,2,NA,NA,insects,biotic,c. 1.5 mm,NA,NA,NA,c. 2.5 mm,Myrtaceae,Corynanthera,flava
Shirley Graham,Lythraceae,Crenea,maritima,Lythraceae_Crenea_maritima,,,dry,500,500,500,5,5,0.3,0.5,NA,NA,4.5-5.5,NA,NA,NA,4-6 mm,Lythraceae,Crenea,maritima
Shirley Graham,Lythraceae,Cuphea,hyssopifolia,Lythraceae_Cuphea_hyssopifolia,,,dry,2,100,51,0.5,3.3,0.3,3,"abiotic, vertebrates","abiotic, biotic",2-6 mm,NA,NA,NA,4-38 mm,Lythraceae,Cuphea,hyssopifolia
Karinne Valdemarin,Myrtaceae,Curitiba,prismatica,Myrtaceae_Curitiba_prismatica,Myrteae,Pimentinae,fleshy,4,7,"5,5",2,4,0.5,0.5,insects,biotic,?,NA,NA,NA,absent,Myrtaceae,Curitiba,prismatica
Peter Wilson,Myrtaceae,Cyathostemon,ambiguus,Myrtaceae_Cyathostemon_ambiguus_Astartea,Chamelaucieae,Astarteinae,dry,3,3,,1.3,2,NA,NA,insects,biotic,8–9 mm ,NA,NA,NA,1–1.5 mm ,Myrtaceae,Cyathostemon,ambiguus
Darin Penneys,Melastomataceae,Cyphotheca,montana,Melastomataceae_Cyphotheca_montana,Melastomatoideae,Sonerileae,dry,100,100,100,0.7,0.7,NA,NA,insects,biotic,13; 13; 13,NA,NA,NA,,Melastomataceae,Cyphotheca,montana
"Olivier Maurin, Ian Turner",Combretaceae,Dansiea,elliptica,Combretaceae_Dansiea_elliptica,Combretoideae,Laguncularieae,dry,1,1,1,NA,NA,NA,NA,vertebrates,biotic,"1,0; 1,5",NA,NA,NA,6-7 mm,Combretaceae,Dansiea,elliptica
Peter Wilson,Myrtaceae,Darwinia,speciosa,Myrtaceae_Darwinia_speciosa,Chamelaucieae,Chamelauciinae,dry,1,1,,2,3.5,NA,NA,vertebrates,biotic,c. 5–7 mm (flowers 4 within a bell-like involucre),NA,NA,NA,4–5 mm,Myrtaceae,Darwinia,speciosa
NA,NA,NA,NA,Myrtaceae_Decaspermum_fruticosum,NA,NA,NA,NA,NA,NA,NA,NA,NA,NA,NA,NA,NA,NA,NA,NA,NA,Myrtaceae,Decaspermum,fruticosum
Shirley Graham,Lythraceae,Decodon,verticillatus,Lythraceae_Decodon_verticillatus,,,dry,20,30,25,1,1.9,1.2,2,insects,biotic,4.5-6.5 mm,NA,NA,NA,4-8 mm,Lythraceae,Decodon,verticillatus
Fabian Michelangeli,Melastomataceae,Desmoscelis,villosa,Melastomataceae_Desmoscelis_villosa,Melastomatoideae,Melastomateae,dry,100,100,100,0.6,0.9,NA,NA,insects,biotic,6; 10,NA,NA,NA,3.5; 5,Melastomataceae,Desmoscelis,villosa
Darin Penneys,Melastomataceae,Dicellandra,barteri,Melastomataceae_Dicellandra_barteri,Melastomatoideae,Sonerileae,dry,100,100,100,0.7,0.8,NA,NA,insects,biotic,9; 16; 12,NA,NA,NA,,Melastomataceae,Dicellandra,barteri
Darin Penneys,Melastomataceae,Dichaetanthera,,Melastomataceae_Dichaetanthera_,Melastomatoideae,Melastomeae-OW,dry,100,100,100,0.5,1.7,NA,NA,insects,biotic,11; 40; 20,NA,NA,NA,,Melastomataceae,Dichaetanthera,
Fabian Michelangeli,Melastomataceae,Dicrananthera,hedyotidea,Melastomataceae_Dicrananthera_hedyotidea,Melastomatoideae,Marcetieae,dry,100,100,100,0.6,0.8,NA,NA,insects,biotic,3; 4,NA,NA,NA,2; 2.5,Melastomataceae,Dicrananthera,hedyotidea
Shirley Graham,Lythraceae,Didiplis,diandra,Lythraceae_Didiplis_diandra,,,dry,25,45,35,0.6,0.9,0.2,0.3,abiotic,abiotic,1.5-2.5 mm,NA,NA,NA,1.75-2.5 mm; 2mm,Lythraceae,Didiplis,diandra
Shirley Graham,Lythraceae,Diplusodon,lanceolatus,Lythraceae_Diplusodon_lanceolatus,,,dry,4,72,38,1,4,1.8,3.5,insects,biotic,6.5-7 mm,NA,NA,NA,7.5-8.0 mm,Lythraceae,Diplusodon,lanceolatus
Darin Penneys,Melastomataceae,Dissochaeta,annulata,Melastomataceae_Dissochaeta_annulata,Melastomatoideae,Dissochaeteae,fleshy,100,100,100,0.75,0.75,0.75,0.75,insects,biotic,27; 43; 35,NA,NA,NA,,Melastomataceae,Dissochaeta,annulata
Darin Penneys,Melastomataceae,Dissotis,multiflora,Melastomataceae_Dissotis_multiflora,Melastomatoideae,Melastomeae-OW,dry,100,100,100,0.4,0.8,NA,NA,insects,biotic,14; 85; 38,NA,NA,NA,,Melastomataceae,Dissotis,multiflora
Fabian Michelangeli,Melastomataceae,Dolichoura,spiritusanctensis,Melastomataceae_Dolichoura_spiritusanctensis,Melastomatoideae,Cambessedesieae,dry,100,100,100,1.8,2,NA,NA,insects,biotic,5; 8,NA,NA,NA,1.5; 2,Melastomataceae,Dolichoura,spiritusanctensis
Shirley Graham,Lythraceae,Duabanga,grandiflora,Lythraceae_Duabanga_grandiflora,,,dry,100,100,100,4,5.5,0.5,0.5,vertebrates,biotic,2.5 cm,NA,NA,NA,2-2.5 cm,Lythraceae,Duabanga,grandiflora
Darin Penneys,Melastomataceae,Dionycha,bojerii,Melastomataceae_Dyonicha_bojeri,Melastomatoideae,Melastomeae-OW,dry,100,100,100,0.7,0.9,NA,NA,insects,biotic,17; 42; 30,NA,NA,NA,,Melastomataceae,Dionycha,bojerii
Fabian Michelangeli,Penaeaceae,Endonema,retzioides,Penaeaceae_Endonema_retzioides,,,dry,NA,NA,NA,NA,NA,NA,NA,vertebrates,biotic,n/a,NA,NA,NA,,Penaeaceae,Endonema,retzioides
Peter Wilson,Myrtaceae,Enekbatus,cryptandroides,Myrtaceae_Enekbatus_cryptandroides_Baeckea,Chamelaucieae,Rinziinae,dry,1,2,,1.1,1.8,NA,NA,insects,biotic,c. 8 mm,NA,NA,NA,1.5–2.5 mm,Myrtaceae,Enekbatus,cryptandroides
Peter Hoch,Onagraceae,Epilobium,canum,Onagraceae_Epilobium_canum_subsp_Mexicanum_Zauschneria,Subfam. Onagroideae,Tribe Epilobieae,dry,60,200,130,1.5,2.6,NA,NA,"insects, vertebrates",biotic,12; 30; c 20 ,12,30,21,16; 32; c. 25 ,Onagraceae,Epilobium,canum
Peter Hoch,Onagraceae,Eremothera,pygmaea,Onagraceae_Eremothera_pygmaea_Camissonia,Subfam. Onagroideae,Tribe Onagreae,dry,80,160,120,0.9,2.1,NA,NA,insects,biotic,4; 20; c. 16,4,20,12,0.5; 8; 1.5,Onagraceae,Eremothera,pygmaea
Peter Wilson,Myrtaceae,Ericomyrtus,serpyllifolia,Myrtaceae_Ericomyrtus_serpyllifolia,Chamelaucieae,Hysterobaeckeinae,dry,8,12,,0.5,1,NA,NA,insects,biotic,4–5(–6) mm,NA,NA,NA,1.5 mm,Myrtaceae,Ericomyrtus,serpyllifolia
Fabian Michelangeli,Melastomataceae,Eriocnema,fulva,Melastomataceae_Eriocnema_fulva,Melastomatoideae,Eriocnemeae,dry,NA,NA,NA,0.9,0.9,0.9,0.9,insects,biotic,10; 13,NA,NA,NA,2; 3,Melastomataceae,Eriocnema,fulva
Gustavo Shimizu & Deise Gonçalves,Vochysiaceae,Erisma,arietinum,Vochysiaceae_Erisma_arietinum,,,Dry,1,1,1,NA,NA,NA,NA,insects,biotic,0.5-2 cm long,5,20,12.5,not measured,Vochysiaceae,Erisma,arietinum
Gustavo Shimizu & Deise Gonçalves,Vochysiaceae,Erismadelphus,exsul,Vochysiaceae_Erismadelphus_exsul,,,Dry,1,1,1,NA,NA,NA,NA,NA,NA,ca. 0.5 cm long,5,5,5,not measured,Vochysiaceae,Erismadelphus,exsul
Fabian Michelangeli,Melastomataceae,Ernestia,maguirei,Melastomataceae_Ernestia_maguirei,Melastomatoideae,Marcetieae,dry,NA,NA,NA,0.7,0.9,NA,NA,insects,biotic,8;9,NA,NA,NA,4.2;4.5,Melastomataceae,Ernestia,maguirei
Andrew Thornhill,Myrtaceae,Eucalyptopsis,papuana,Myrtaceae_Eucalyptopsis_papuana,Eucalypteae,Mesicalypt (as per Thornhill et al. 2019),Dry,NA,NA,NA,NA,NA,NA,NA,insects,biotic,4,NA,NA,NA,,Myrtaceae,Eucalyptopsis,papuana
Andrew Thornhill,Myrtaceae,Eucalyptus,cloeziana,Myrtaceae_Eucalyptus_cloeziana,Eucalypteae,Eucalypt (as per Thornhill et al. 2019); sungenus Idiogenes (as per Nicolle 2018),Dry,NA,NA,NA,0.7,8,NA,NA,abiotic/insects/vertebrates,abiotic/biotic,Calyptra,NA,NA,NA,,Myrtaceae,Eucalyptus,cloeziana
NA,NA,NA,NA,Myrtaceae_Eugenia_uniflora,NA,NA,NA,NA,NA,NA,NA,NA,NA,NA,NA,NA,NA,NA,NA,NA,NA,Myrtaceae,Eugenia,uniflora
Peter Hoch,Onagraceae,Eulobus,californicus,Onagraceae_Eulobus_californicus_Oenothera,Subfam. Onagroideae,Tribe Onagreae,dry,48,100,74,1,2,NA,NA,insects,biotic,10; 25; 20,10,25,17.5,0.6; 5; 3,Onagraceae,Eulobus,californicus
Peter Wilson,Myrtaceae,Euryomyrtus,maidenii,Myrtaceae_Euryomyrtus_maidenii,Chamelaucieae,Rinziinae,dry,2,3,,1.5,2,NA,NA,insects,biotic,4–7.5 mm,NA,NA,NA,1.1–1.6 mm long,Myrtaceae,Euryomyrtus,maidenii
NA,NA,NA,NA,Myrtaceae_Feijoa_sellowiana_Acca,NA,NA,NA,NA,NA,NA,NA,NA,NA,NA,NA,NA,NA,NA,NA,NA,NA,Myrtaceae,Acca,sellowiana
Darin Penneys,Melastomataceae,Fordiophyton,strictum,Melastomataceae_Fordiophyton_strictum,Melastomatoideae,Sonerileae,dry,100,100,100,0.4,0.9,NA,NA,insects,biotic,13; 38; 18,NA,NA,NA,,Melastomataceae,Fordiophyton,strictum
Fabian Michelangeli,Melastomataceae,Fritzschia,erecta,Melastomataceae_Fritzschia_erecta,Melastomatoideae,Marcetieae,dry,100,100,100,1,1.1,NA,NA,insects,biotic,12; 14,NA,NA,NA,2.7; 3,Melastomataceae,Fritzschia,erecta
Peter Hoch,Onagraceae,Fuchsia,excorticata,Onagraceae_Fuchsia_excorticata,Subfam. Onagroideae,Tribe Circaeeae,fleshy,10,500,255,1,2.5,NA,NA,"insects, vertebrates",biotic,1; 22; c. 12,1,22,11.5,2; 130; ?,Onagraceae,Fuchsia,excorticata
Shirley Graham,Lythraceae,Galpinia,transvaalica,Lythraceae_Galpinia_transvaalica,,,dry,3,10,6.5,3,4.5,2.5,4,NA,NA,4 mm,NA,NA,NA,3 mm,Lythraceae,Galpinia,transvaalica
Peter Hoch,Onagraceae,Gayophytum,diffusum,Onagraceae_Gayophytum_diffusum_Camissonia,Subfam. Onagroideae,Tribe Onagreae,dry,8,200,104,0.7,2.3,NA,NA,insects,biotic,1; 15; c. 6,1,15,8,0.2; 1; 0.5,Onagraceae,Gayophytum,diffusum
"Olivier Maurin, Ian Turner",Combretaceae,Calycopteris,floribunda,Combretaceae_Getonia_floribunda_Calycopteris,Combretoideae,Combreteae / Combretinae,dry,1,1,1,5,40,NA,NA,insects,biotic,"1,5; 2,0",NA,NA,NA,4.5-6 mm,Combretaceae,Calycopteris,floribunda
Shirley Graham,Lythraceae,Ginoria,nudiflora,Lythraceae_Ginoria_nudiflora,,,dry,50,50,50,0.5,2.5,0.1,0.6,insects,biotic,"6-8.5, avg. 7.0",NA,NA,NA,"3-18 mm; avg, 8.6",Lythraceae,Ginoria,nudiflora
Fabian Michelangeli,Penaeaceae,Glischrocolla,formosa,Penaeaceae_Glischrocolla_formosa,,,dry,NA,NA,NA,NA,NA,NA,NA,vertebrates,biotic,n/a,NA,NA,NA,,Penaeaceae,Glischrocolla,formosa
Peter Hoch,Onagraceae,Gongylocarpus,rubricaulis,Onagraceae_Gongylocarpus_rubricaulis,Subfam. Onagroideae,Tribe Gongylocarpeae,dry,4,28,16,NA,NA,NA,NA,insects,biotic,5; 20; 5-6 and 15-18 (2 spp.),5,20,12.5,12; 30; 18,Onagraceae,Gongylocarpus,rubricaulis
NA,NA,NA,NA,Myrtaceae_Gossia_clusioides,NA,NA,NA,NA,NA,NA,NA,NA,NA,NA,NA,NA,NA,NA,NA,NA,NA,Myrtaceae,Gossia,
Fabian Michelangeli,Melastomataceae,Graffenrieda,cucullata,Melastomataceae_Graffenrieda_cucullata,Melastomatoideae,Merianieae,dry,100,100,100,2.5,3,NA,NA,insects,biotic,5; 5.5,NA,NA,NA,6; 7,Melastomataceae,Graffenrieda,cucullata
Darin Penneys,Melastomataceae,Gravesia,vestita,Melastomataceae_Gravesia_vestita,Melastomatoideae,Sonerileae,dry,100,100,100,0.3,1.7,NA,NA,insects,biotic,4; 52; 26,NA,NA,NA,,Melastomataceae,Gravesia,vestita
"Olivier Maurin, Ian Turner",Combretaceae,Guiera,senegalensis,Combretaceae_Guiera_senegalensis,Combretoideae,Combreteae / Combretinae,dry,1,1,1,5,40,NA,NA,insects,biotic,"0,1; 0,2",NA,NA,NA,3 mm,Combretaceae,Guiera,senegalensis
Darin Penneys,Melastomataceae,Guyonia,tenella,Melastomataceae_Guyonia_tenella,Melastomatoideae,Melastomeae-OW,dry,100,100,100,0.8,1.2,NA,NA,insects,biotic,7; 7; 7,NA,NA,NA,,Melastomataceae,Guyonia,tenella
Shirley Graham,Lythraceae,Heimia,salicifolia,Lythraceae_Heimia_salicifolia,,,dry,50,50,50,0.5,1,0.3,0.8,insects,biotic,5-6 mm,NA,NA,NA,3.5-7.5,Lythraceae,Heimia,salicifolia
Fabian Michelangeli,Melastomataceae,Henriettea,squamata,Melastomataceae_Henriettea_squamata,Melastomatoideae,Henrietteeae,fleshy,100,100,100,0.5,0.7,NA,NA,insects,biotic,8,NA,NA,NA,5,Melastomataceae,Henriettea,squamata
Fabian Michelangeli,Melastomataceae,Henriettella,tovarensis,Melastomataceae_Henriettella_tovarensis,Melastomatoideae,Henrietteeae,fleshy,100,100,100,0.6,0.75,NA,NA,insects,biotic,3.2; 3.4,NA,NA,NA,2.1; 2.5,Melastomataceae,Henriettella,tovarensis
Fabian Michelangeli,Melastomataceae,Heterocentron,elegans,Melastomataceae_Heterocentron_elegans,Melastomatoideae,Melastomateae,dry,100,100,100,0.6,0.7,NA,NA,insects,biotic,14; 16,NA,NA,NA,3.5; 5,Melastomataceae,Heterocentron,elegans
Peter Wilson,Myrtaceae,Heteropyxis,natalensis,Myrtaceae_Heteropyxis_natalensis,Heteropyxideae,,dry,10,20,,1,2,NA,NA,insects,biotic,2.5–5 mm,NA,NA,NA,1–1.5 mm,Myrtaceae,Heteropyxis,natalensis
fabian Michelangeli,Melastomataceae,Heterotis,rotundifolia,Melastomataceae_Heterotis_rotundifolia,Melastomatoideae,Melastomateae,dry,100,100,100,0.6,0.9,NA,NA,insects,biotic,1.7; 2.2,NA,NA,NA,0.6; 0.7,Melastomataceae,Heterotis,rotundifolia
Peter Wilson,Myrtaceae,Homalospermum,firmum,Myrtaceae_Homalospermum_firmum,Leptospermeae,,dry,4,4,,2.5,3.5,NA,NA,insects,biotic,c. 15 mm,NA,NA,NA,c. 1.5 mm,Myrtaceae,Homalospermum,firmum
Peter Wilson,Myrtaceae,Homoranthus,thomasii,Myrtaceae_Homoranthus_thomasii,Chamelaucieae,Chamelauciinae,dry,1,1,,1.5,1.5,NA,NA,vertebrates,biotic,c. 4 mm,NA,NA,NA,c. 2 mm,Myrtaceae,Homoranthus,thomasii
Fabian Michelangeli,Melastomataceae,Huberia,consimilis,Melastomataceae_Huberia_consimilis,Melastomatoideae,Cambessedesieae,dry,100,100,100,2.4,6.3,NA,NA,insects,biotic,12; 25,NA,NA,NA,6; 8,Melastomataceae,Huberia,consimilis
Peter Wilson,Myrtaceae,Hypocalymma,augustifolium,Myrtaceae_Hypocalymma_augustifolium,Chamelaucieae,Astarteinae,dry,1,3,,1.5,1.5,NA,NA,insects,biotic,8–11 mm,NA,NA,NA,1.5–2 mm ,Myrtaceae,Hypocalymma,augustifolium
NA,NA,NA,NA,Myrtaceae_Kanakomyrtus_,NA,NA,NA,NA,NA,NA,NA,NA,NA,NA,NA,NA,NA,NA,NA,NA,NA,Myrtaceae,Kanakomyrtus,
Peter Wilson,Myrtaceae,Kania,eugenioides,Myrtaceae_Kania_eugenioides,Kanieae,,dry,NA,NA,,2.5,3,NA,NA,NA,NA,c. 3.5–4 mm (petals held ± erect),NA,NA,NA,1–1.5 mm,Myrtaceae,Kania,eugenioides
Peter Wilson,Myrtaceae,Kardomia,jucunda,Myrtaceae_Kardomia_jucunda_Baeckea,Chamelaucieae,Hysterobaeckeinae,dry,3,6,,1,1,NA,NA,insects,biotic,to 7 mm ,NA,NA,NA,1.9–2 mm ,Myrtaceae,Kardomia,jucunda
Fabian Michelangeli,Melastomataceae,Killipia,peduculata,Melastomataceae_Killipia_pedunculata,Melastomatoideae,Miconieae,fleshy,100,100,100,0.6,0.75,NA,NA,vertebrates,biotic,5; 6,NA,NA,NA,2; 3.8,Melastomataceae,Killipia,peduculata
Peter Wilson,Myrtaceae,Kjellbergiodendron,,Myrtaceae_Kjellbergiodendron_,Lophostemoneae,,fleshy,1,1,,18,40,NA,NA,NA,NA,c. 20 mm,NA,NA,NA,5–7 mm,Myrtaceae,Kjellbergiodendron,
Shirley Graham,Lythraceae,Koehneria,madagascariensis,Lythraceae_Koehneria_madagascariensis,,,dry,10,30,20,1.3,1.7,1,1.2,NA,NA,7-7.5 mm,NA,NA,NA,8.5 mm,Lythraceae,Koehneria,madagascariensis
Gustavo Shimizu & Deise Gonçalves,Vochysiaceae,Korupodendron,songweanum,Vochysiaceae_Korupodendron_songweanum,,,Dry,1,1,1,NA,NA,NA,NA,NA,NA,ca. 1 cm long,10,10,10,not measured,Vochysiaceae,Korupodendron,songweanum
Peter Wilson,Myrtaceae,Kunzea,,Myrtaceae_Kunzea_,Leptospermeae,,dry,NA,NA,,0.5,0.65,NA,NA,insects,biotic,3–4.5 mm,NA,NA,NA,2.4–3.2 mm,Myrtaceae,Kunzea,
Shirley Graham,Lythraceae,Lagerstroemia,indica,Lythraceae_Lagerstroemia_indica,,,dry,8,72,40,3,6,4,16,insects,biotic,10 mm,NA,NA,NA,10-12 mm,Lythraceae,Lagerstroemia,indica
"Olivier Maurin, Ian Turner",Combretaceae,Laguncularia,racemosa,Combretaceae_Laguncularia_racemosa,Combretoideae,Laguncularieae,dry,1,1,1,10,15,NA,NA,insects,biotic,"0,3; 0,5",NA,NA,NA,3.5-6.5 mm,Combretaceae,Laguncularia,racemosa
Peter Wilson,Myrtaceae,Lamarchea,hakeifolia,Myrtaceae_Lamarchea_hakeifolia,Melaleuceae,,dry,6,9,,2,3,NA,NA,vertebrates,biotic,c. 7 mm,NA,NA,NA,c. 5 mm,Myrtaceae,Lamarchea,hakeifolia
Fabian Michelangeli,Melastomataceae,Lavoisiera,imbricata,Melastomataceae_Lavoisiera_imbricata,Melastomatoideae,Microlicieae,dry,100,100,100,1.4,1.7,NA,NA,insects,biotic,8; 27,NA,NA,NA,3; 5,Melastomataceae,Lavoisiera,imbricata
Shirley Graham,Lythraceae,Lawsonia,inermis,Lythraceae_Lawsonia_inermis,,,dry,30,50,40,1.2,2.2,1.3,2,insects,biotic,3.0 mm,NA,NA,NA,1.5 mm,Lythraceae,Lawsonia,inermis
Fabian Michelangeli,Melastomataceae,Leandra,subseriata,Melastomataceae_Leandra_australis,Melastomatoideae,Miconieae,fleshy,100,100,100,0.4,0.5,NA,NA,insects,biotic,1.5; 2,NA,NA,NA,1.3; 2,Melastomataceae,Leandra,subseriata
Fabian Michelangeli,Melastomataceae,Leiostegia,vernicosa,Melastomataceae_Leiostegia_vernicosa,Melastomatoideae,Marcetieae,dry,100,100,100,0.7,0.8,NA,NA,insects,biotic,3.8; 4.2,NA,NA,NA,4.5-5.5,Melastomataceae,Leiostegia,vernicosa
NA,NA,NA,NA,Myrtaceae_Lenwebbia_lasiocladum,NA,NA,NA,NA,NA,NA,NA,NA,NA,NA,NA,NA,NA,NA,NA,NA,NA,Myrtaceae,Lenwebbia,prominens
Peter Wilson,Myrtaceae,Leptospermum,erubescens,Myrtaceae_Leptospermum_erubescens,Leptospermeae,,dry,NA,NA,,1,1.5,NA,NA,insects,biotic,8–10 mm ,NA,NA,NA,c. 2–4 mm ,Myrtaceae,Leptospermum,erubescens
Fabian Michelangeli,Melastomataceae,Lijndenia,procteri,Melastomataceae_Lijndenia_procteri,Olisbeoideae,Olisbeoideae-OW,NA,NA,NA,NA,NA,NA,NA,NA,insects,biotic,,NA,NA,NA,,Melastomataceae,Lijndenia,procteri
Peter Wilson,Myrtaceae,Lindsayomyrtus,racemoides,Myrtaceae_Lindsayomyrtus_racemoides,Lindsayomyrteae,,NA,1,3,,10,23,NA,NA,NA,NA,22–28 mm,NA,NA,NA,1–1.5 mm,Myrtaceae,Lindsayomyrtus,racemoides
Darin Penneys,Melastomataceae,Lithobium,cordatum,Melastomataceae_Lithobium_cordatum,Melastomatoideae,Lithobieae,dry,50,50,50,0.2,0.3,NA,NA,insects,biotic,7; 9; 8,NA,NA,NA,,Melastomataceae,Lithobium,cordatum
NA,NA,NA,NA,Myrtaceae_Lithomyrtus_grandifolia,NA,NA,NA,NA,NA,NA,NA,NA,NA,NA,NA,NA,NA,NA,NA,NA,NA,Myrtaceae,Lithomyrtus,grandifolia
Peter Hoch,Onagraceae,Lopezia,hirsuta,Onagraceae_Lopezia_hirsuta,Subfam. Onagroideae,Tribe Lopeziaeae,dry,4,120,62,0.6,2,NA,NA,insects,biotic,4; 20; c. 10,4,20,12,0; 20; most 0 or partial fusion,Onagraceae,Lopezia,hirsuta
NA,NA,NA,NA,Myrtaceae_Lophomyrtus_obcordata,NA,NA,NA,NA,NA,NA,NA,NA,NA,NA,NA,NA,NA,NA,NA,NA,NA,Myrtaceae,Lophomyrtus,bullata
Peter Wilson,Myrtaceae,Lophostemon,suaveolens,Myrtaceae_Lophostemon_confertus,Lophostemoneae,,dry,NA,NA,,1.5,2,NA,NA,insects,biotic,7–9 mm,NA,NA,NA,2.5 mm,Myrtaceae,Lophostemon,suaveolens
Fabian Michelangeli,Melastomataceae,Loreya,subandina,Melastomataceae_Loreya_subandina_Bellucia,Melastomatoideae,Henrietteeae,fleshy,100,100,100,0.85,1,NA,NA,insects,biotic,13; 15,NA,NA,NA,5; 6,Melastomataceae,Loreya,subandina
Fabian Michelangeli,Melastomataceae,Loricalepis,duckei,Melastomataceae_Loricalepis_duckei,Melastomatoideae,Melastomateae,dry,NA,NA,NA,NA,NA,NA,NA,insects,biotic,1.5; 1.7,NA,NA,NA,5; 6,Melastomataceae,Loricalepis,duckei
Shirley Graham,Lythraceae,Lourtella,resinosa,Lythraceae_Lourtella_resinosa,,,dry,30,50,40,0.8,1,0.5,0.7,NA,NA,3.5 mm,NA,NA,NA,3-3.5 mm,Lythraceae,Lourtella,resinosa
Peter Hoch,Onagraceae,Ludwigia,octovalvis,Onagraceae_Ludwigia_octovalvis,Subfam. Ludwigioideae,,dry,50,400,225,0.5,1.5,NA,NA,insects,biotic,2; 55; c. 20,2,55,28.5,0 (no hypan.),Onagraceae,Ludwigia,octovalvis
NA,NA,NA,NA,Myrtaceae_Luma_apiculata,NA,NA,NA,NA,NA,NA,NA,NA,NA,NA,NA,NA,NA,NA,NA,NA,NA,Myrtaceae,Luma,apiculata
"Olivier Maurin, Ian Turner",Combretaceae,Lumnitzera,racemosa,Combretaceae_Lumnitzera_racemosa,Combretoideae,Laguncularieae,fleshy,1,1,1,10,15,NA,NA,insects,biotic,"0,8; 1,0",NA,NA,NA,6-7 mm,Combretaceae,Lumnitzera,racemosa
Peter Wilson,Myrtaceae,Lysicarpus,angustifolius,Myrtaceae_Lysicarpus_angustifolius,Kanieae,,dry,3,9,,5.5,6,NA,NA,insects,biotic,c. 10 mm,NA,NA,NA,2.5–3 mm,Myrtaceae,Lysicarpus,angustifolius
Shirley Graham,Lythraceae,Lythrum,alatum,Lythraceae_Lythrum_salicaria,,,dry,8,60,34,0.4,0.8,0.3,0.7,insects,biotic,0.5-2 mm,NA,NA,NA,3-8 mm,Lythraceae,Lythrum,alatum
Fabian Michelangeli,Melastomataceae,Macairea,pachyphylla,Melastomataceae_Macairea_pachyphylla,Melastomatoideae,Marcetieae,dry,100,100,100,0.6,0.7,NA,NA,insects,biotic,7; 8.5,NA,NA,NA,1.5; 2,Melastomataceae,Macairea,pachyphylla
Fabian Michelangeli,Melastomataceae,Macrocentrum,repens,Melastomataceae_Macrocentrum_droseroides,Melastomatoideae,Merianieae,dry,100,100,100,0.45,0.55,NA,NA,insects,biotic,4.5,NA,NA,NA,2,Melastomataceae,Macrocentrum,repens
"Olivier Maurin, Ian Turner",Combretaceae,Macropteranthes,montana,Combretaceae_Macropteranthes_montana,Combretoideae,Laguncularieae,dry,1,1,1,6,10,NA,NA,insects,biotic,"0,5; 0,8",NA,NA,NA,5-7 mm,Combretaceae,Macropteranthes,montana
Fabian Michelangeli,Melastomataceae,Maieta,poeppiggii,Melastomataceae_Maieta_poeppigii_Clidemia,Melastomatoideae,Miconieae,fleshy,100,100,100,0.5,0.6,NA,NA,insects,biotic,5; 8.5,NA,NA,NA,5; 6,Melastomataceae,Maieta,poeppiggii
Peter Wilson,Myrtaceae,Malleostemon,,Myrtaceae_Malleostemon_,Chamelaucieae,Hysterobaeckeinae,dry,1,1,,1.5,1.5,NA,NA,insects,biotic,4–5 mm,NA,NA,NA,2–2.5 mm,Myrtaceae,Malleostemon,
Fabian Michelangeli,Melastomataceae,Marcetia,taxifolia,Melastomataceae_Marcetia_taxifolia,Melastomatoideae,Marcetieae,dry,100,100,100,0.7,0.8,NA,NA,insects,biotic,5; 7,NA,NA,NA,2.5; 3,Melastomataceae,Marcetia,taxifolia
Fabian Michelangeli,Melastomataceae,Mecranium,haemanthum,Melastomataceae_Mecranium_haemanthum_Mecranium,Melastomatoideae,Miconieae,fleshy,100,100,100,0.35,0.4,NA,NA,NA,NA,2.9; 3.3,NA,NA,NA,3.3,Melastomataceae,Mecranium,haemanthum
Darin Penneys,Melastomataceae,Medinilla,crassifolia,Melastomataceae_Medinilla_crassifolia,Melastomatoideae,Sonerileae,fleshy,100,100,100,0.4,2,NA,NA,insects,biotic,7; 53; 25,NA,NA,NA,,Melastomataceae,Medinilla,crassifolia
Peter Wilson,Myrtaceae,Callistemon,comboynensis,Myrtaceae_Melaleuca_comboynensis_Callistemon,Melaleuceae,,dry,NA,NA,,1,1.5,NA,NA,vertebrates,biotic,8.5–10.5 mm,NA,NA,NA,4–5 mm,Myrtaceae,Callistemon,comboynensis
Darin Penneys,Melastomataceae,Melastoma,malabathricum,Melastomataceae_Melastoma_malabathricum,Melastomatoideae,Melastomeae-OW,dry,100,100,100,0.9,0.9,0.9,0.9,insects,biotic,13; 92; 50,NA,NA,NA,,Melastomataceae,Melastoma,malabathricum
Darin Penneys,Melastomataceae,Melastomastrum,theifolium,Melastomataceae_Melastomastrum_theifolium,Melastomatoideae,Melastomeae-OW,dry,100,100,100,0.5,0.6,NA,NA,insects,biotic,22; 55,NA,NA,NA,,Melastomataceae,Melastomastrum,theifolium
Fabian Michelangeli,Melastomataceae,Memecylon,rheophyticum,Melastomataceae_Memecylon_rheophyticum,Olisbeoideae,Olisbeoideae-OW,fleshy,1,1,,NA,NA,NA,NA,insects,biotic,2; 2.5,NA,NA,NA,2.5; 3,Melastomataceae,Memecylon,rheophyticum
Fabian Michelangeli,Melastomataceae,Meriania,albiflora,Melastomataceae_Meriania_albiflora,Melastomatoideae,Merianieae,dry,100,100,100,1.2,1.4,NA,NA,NA,NA,23.7; 24.7,NA,NA,NA,4; 4.5,Melastomataceae,Meriania,albiflora
Fabian Michelangeli,Melastomataceae,Merianthera,bullata,Melastomataceae_Merianthera_bullata,Melastomatoideae,Cambessedesieae,dry,100,100,100,1,1.5,NA,NA,insects,biotic,14; 25,NA,NA,NA,7; 10,Melastomataceae,Merianthera,bullata
Peter Wilson,Myrtaceae,Metrosideros,tomentosa,Myrtaceae_Metrosideros_angustifolia,Metrosidereae,,dry,NA,NA,,2,3,NA,NA,"insects, vertebrates",biotic,9–12 mm,NA,NA,NA,5–6 mm (excluding sepals 2 mm),Myrtaceae,Metrosideros,tomentosa
Fabian Michelangeli,Melastomataceae,Miconia,albicans,Melastomataceae_Miconia_albicans,Melastomatoideae,Miconieae,fleshy,100,100,100,0.8,0.9,NA,NA,insects,biotic,2.5; 3,NA,NA,NA,2,Melastomataceae,Miconia,albicans
Fabian Michelangeli,Melastomataceae,Microlepis,oleaefolia,Melastomataceae_Microlepis_oleaefolia,Melastomatoideae,Microlicieae,dry,100,100,100,0.4,0.6,NA,NA,insects,biotic,6; 14,NA,NA,NA,3; 6.5,Melastomataceae,Microlepis,oleaefolia
Fabian Michelangeli,Melastomataceae,Microlicia,cordata,Melastomataceae_Microlicia_cordata,Melastomatoideae,Microlicieae,dry,100,100,100,0.4,0.8,NA,NA,insects,biotic,3.5; 4.5,NA,NA,NA,2.5,Melastomataceae,Microlicia,cordata
Peter Wilson,Myrtaceae,Micromyrtus,obovata,Myrtaceae_Micromyrtus_obovata,Chamelaucieae,Micromyrtinae,dry,1,1,,1.2,1.2,NA,NA,NA,NA,4–5 mm,NA,NA,NA,1.2–1.5 mm,Myrtaceae,Micromyrtus,obovata
Peter Wilson,Myrtaceae,Mitrantia,bilocularis,Myrtaceae_Mitrantia_bilocularis,Kanieae,,dry,1,2,,6,8,NA,NA,NA,NA, to 2.5 mm,NA,NA,NA,1.5–2.5 mm (excluding sepals 1.5 mm) [short hypanthium = male flower],Myrtaceae,Mitrantia,bilocularis
Fabian Michelangeli,Melastomataceae,Monochaetum,lineatum,Melastomataceae_Monochaetum_lineatum,Melastomatoideae,Melastomateae,dry,100,100,100,0.4,0.45,NA,NA,insects,biotic,8.5; 11,NA,NA,NA,4.5; 6,Melastomataceae,Monochaetum,lineatum
Fabian Michelangeli,Melastomataceae,Monolena,primuliflora,Melastomataceae_Monolena_primulaeflora,Melastomatoideae,Trioleneae,dry,100,100,100,0.9,0.9,0.9,0.9,insects,biotic,15; 24,NA,NA,NA,2.5; 4,Melastomataceae,Monolena,primuliflora
Fabian Michelangeli,Melastomataceae,Mouriri,gleasoniana,Melastomataceae_Mouriri_gleasoniana,Olisbeoideae,Olisbeoideae-NW,fleshy,1,5,3,8,9,NA,NA,insects,biotic,3.5; 5.7,NA,NA,NA,3.5; 5,Melastomataceae,Mouriri,gleasoniana
NA,NA,NA,NA,Myrtaceae_Myrceugenia_alpigena,NA,NA,NA,NA,NA,NA,NA,NA,NA,NA,NA,NA,NA,NA,NA,NA,NA,Myrtaceae,Myrceugenia,alpigena
NA,NA,NA,NA,Myrtaceae_Myrcia_tomentosa,NA,NA,NA,NA,NA,NA,NA,NA,NA,NA,NA,NA,NA,NA,NA,NA,NA,Myrtaceae,Myrcia,tomentosa
NA,NA,NA,NA,Myrtaceae_Myrcianthes_fragrans,NA,NA,NA,NA,NA,NA,NA,NA,NA,NA,NA,NA,NA,NA,NA,NA,NA,Myrtaceae,Myrcianthes,fragrans
Thiago Flores,Myrtaceae,Myrciaria,disticha,Myrtaceae_Myrciaria_disticha,Myrteae,Pliniinae,Fleshy,1,2,1.5,3,15,2,10,insects,biotic,Tetramery,NA,NA,NA,"0,5-3,5 mm;  prevalent 1,5-2,5 mm",Myrtaceae,Myrciaria,disticha
Fabian Michelangeli,Melastomataceae,Myriaspora,egensis,Melastomataceae_Myriaspora_egensis,Melastomatoideae,Henrietteeae,fleshy,100,100,100,0.4,0.5,NA,NA,insects,biotic,8; 12,NA,NA,NA,7,Melastomataceae,Myriaspora,egensis
NA,NA,NA,NA,Myrtaceae_Myrrhinium_atropurpureum,NA,NA,NA,NA,NA,NA,NA,NA,NA,NA,NA,NA,NA,NA,NA,NA,NA,Myrtaceae,Myrrhinium,atropurpureum
NA,NA,NA,NA,Myrtaceae_Myrtastrum_rufopunctatum,NA,NA,NA,NA,NA,NA,NA,NA,NA,NA,NA,NA,NA,NA,NA,NA,NA,Myrtaceae,Myrtastrum,rufopunctatum
NA,NA,NA,NA,Myrtaceae_Myrtella_beccarii,NA,NA,NA,NA,NA,NA,NA,NA,NA,NA,NA,NA,NA,NA,NA,NA,NA,Myrtaceae,Myrtella,beccarii
NA,NA,NA,NA,Myrtaceae_Myrteola_acerosa,NA,NA,NA,NA,NA,NA,NA,NA,NA,NA,NA,NA,NA,NA,NA,NA,NA,Myrtaceae,Myrteola,nummularia
Karinne Valdemarin,Myrtaceae,Myrtus,communis,Myrtaceae_Myrtus_communis,Myrteae,Myrtinae,fleshy,10,12,11,2,4,NA,NA,insects,biotic,?,NA,NA,NA,absent,Myrtaceae,Myrtus,communis
Fabian Michelangeli,Melastomataceae,Necranium,gigantophyllum,Melastomataceae_Necramium_gigantophyllum,Melastomatoideae,Miconieae,fleshy,100,100,100,0.5,0.62,NA,NA,insects,biotic,2.3; 2.5,NA,NA,NA,2,Melastomataceae,Necranium,gigantophyllum
Peter Wilson,Myrtaceae,Neofabricia,myrtifolia,Myrtaceae_Neofabricia_myrtifolia,Leptospermeae,,dry,8,12,,2,2.5,NA,NA,insects,biotic,22–28 mm,NA,NA,NA,4–5 mm,Myrtaceae,Neofabricia,myrtifolia
Peter Hoch,Onagraceae,Neoholmgrenia,andina,Onagraceae_Neoholmgrenia_andina_Camissonia,Subfam. Onagroideae,Tribe Onagreae,dry,32,80,56,0.7,1.3,NA,NA,insects,biotic,2; 10; 7,2,10,6,1.5-2/ 0.8-2 (only 2 sp.),Onagraceae,Neoholmgrenia,andina
Aline Stadnik,Myrtaceae,Neomitranthes,cordifolia,Myrtaceae_Neomitranthes_cordifolia,Myrteae,Siphoneugena,fleshy,1,4,2.5,NA,NA,NA,NA,insects,biotic,"0.5 - 2,5 mm",0.5,2.5,1.5,"1 - 4,5 mm",Myrtaceae,Neomitranthes,cordifolia
Fabian Michelangeli,Melastomataceae,Nepsera,aquatica,Melastomataceae_Nepsera_aquatica,Melastomatoideae,Marcetieae,dry,100,100,100,0.8,0.9,NA,NA,insects,biotic,4.5; 7,NA,NA,NA,1.8; 2,Melastomataceae,Nepsera,aquatica
Fabian Michelangeli,Melastomataceae,Noterophila,bivalvis,Melastomataceae_Noterophila_bivalvis,Melastomatoideae,Marcetieae,dry,100,100,100,0.5,0.75,NA,NA,insects,biotic,6; 12,NA,NA,NA,2.5; 4,Melastomataceae,Noterophila,bivalvis
Peter Wilson,Myrtaceae,Ochrosperma,lineare,Myrtaceae_Ochrosperma_lineare,Chamelaucieae,Ochrospermatinae,dry,3,3,,1.3,1.3,NA,NA,insects,biotic,c. 2.5 mm,NA,NA,NA,1–1.5 mm,Myrtaceae,Ochrosperma,lineare
Fabian Michelangeli,Melastomataceae,Ochthephilus,repentinus,Melastomataceae_Ochthephilus_repentinus,Melastomatoideae,Eriocnemeae,dry,NA,NA,NA,NA,NA,NA,NA,insects,biotic,18.5; 19.5,NA,NA,NA,4.5,Melastomataceae,Ochthephilus,repentinus
NA,NA,NA,NA,Myrtaceae_Octamyrtus_pleiopetala,NA,NA,NA,NA,NA,NA,NA,NA,NA,NA,NA,NA,NA,NA,NA,NA,NA,Myrtaceae,Octamyrtus,pleiopetala
Peter Hoch,Onagraceae,Oenothera,glazioviana,Onagraceae_Oenothera_glazioviana,Subfam. Onagroideae,Tribe Onagreae,dry,1,200,100.5,0.5,8,NA,NA,insects,biotic,3; 120; c. 40,3,120,61.5,1; 265; ?c. 50,Onagraceae,Oenothera,glazioviana
Fabian Michelangeli,Penaeaceae,Olinia,,Penaeaceae_Olinia_,,,fleshy,1,1,1,NA,NA,NA,NA,NA,NA,,NA,NA,NA,,Penaeaceae,Olinia,
Fabian Michelangeli,Melastomataceae,Opisthocentra,clidemioides,Melastomataceae_Opisthocentra_clidemioides,Melastomatoideae,Sonerileae,dry,100,100,100,0.5,0.7,NA,NA,insects,biotic,7; 9,NA,NA,NA,8; 9,Melastomataceae,Opisthocentra,clidemioides
Darin Penneys,Melastomataceae,Osbeckia,stellata,Melastomataceae_Osbeckia_stellata,Melastomatoideae,Melastomeae-OW,dry,100,100,100,0.35,0.9,NA,NA,insects,biotic,11; 65; 40,NA,NA,NA,,Melastomataceae,Osbeckia,stellata
Fabian Michelangeli,Melastomataceae,Ossaea,amygdaloides,Melastomataceae_Ossaea_amygdaloides,Melastomatoideae,Miconieae,fleshy,100,100,100,0.8,1.2,NA,NA,insects,biotic,2.5; 5,NA,NA,NA,4.5; 7,Melastomataceae,Ossaea,amygdaloides
Peter Wilson,Myrtaceae,Oxymyrrhine,gracilis,Myrtaceae_Oxymyrrhine_gracilis_Baeckea,Chamelaucieae,Hysterobaeckeinae,dry,NA,NA,,0.6,0.8,NA,NA,insects,biotic,6–10 mm,NA,NA,NA,1.6–2.5 mm long,Myrtaceae,Oxymyrrhine,gracilis
Darin Penneys,Melastomataceae,Oxyspora,cordata,Melastomataceae_Oxyspora_cordata_Anerincleistus,Melastomatoideae,Sonerileae,dry,100,100,100,0.7,1,NA,NA,insects,biotic,3; 25; 9,NA,NA,NA,,Melastomataceae,Oxyspora,cordata
Fabian Michelangeli,Melastomataceae,Pachyanthus,moensis,Melastomataceae_Pachyanthus_moensis,Melastomatoideae,Miconieae,fleshy,20,24,22,1.8,2,NA,NA,insects,biotic,3; 4.5,NA,NA,NA,2.5,Melastomataceae,Pachyanthus,moensis
Fabian Michelangeli,Melastomataceae,Pachyloma,huberioides,Melastomataceae_Pachyloma_huberioides,Melastomatoideae,Rhexieae,dry,100,100,100,0.9,1,NA,NA,insects,biotic,15; 20,NA,NA,NA,6; 12,Melastomataceae,Pachyloma,huberioides
Shirley Graham,Lythraceae,Pehria,compacta,Lythraceae_Pehria_compacta,,,dry,50,50,50,0.7,0.9,0.3,0.5,NA,NA,5.0-6.0 mm,NA,NA,NA,6.5-7.5 mm,Lythraceae,Pehria,compacta
Shirley Graham,Lythraceae,Pemphis,acidula,Lythraceae_Pemphis_acidula,,,dry,15,20,17.5,2.5,3,1.7,2,vertebrates,biotic,7.0-7.5 mm,NA,NA,NA,5-6 mm,Lythraceae,Pemphis,acidula
Fabian Michelangeli,Penaeaceae,Penaea,mucronata,Penaeaceae_Penaea_mucronata,,,dry,NA,NA,NA,2,2.2,NA,NA,NA,NA,n/a,NA,NA,NA,5; 7,Penaeaceae,Penaea,mucronata
Peter Wilson,Myrtaceae,Pericalymma,spongiocaule,Myrtaceae_Pericalymma_spongiocaule,Leptospermeae,,dry,3,3,,1.2,2,NA,NA,insects,biotic,8–13 mm ,NA,NA,NA,3–4 mm (excle. Sepals 1–2.5 mm),Myrtaceae,Pericalymma,spongiocaule
Fabian Michelangeli,Melastomataceae,Phainantha,laxiflora,Melastomataceae_Phainantha_laxiflora,Melastomatoideae,Sonerileae,dry,100,100,100,2,2,2,2,insects,biotic,6; 7,NA,NA,NA,6,Melastomataceae,Phainantha,laxiflora
Darin Penneys,Melastomataceae,Phyllagathis,elliptica,Melastomataceae_Phyllagathis_elliptica,Melastomatoideae,Sonerileae,dry,100,100,100,0.3,2,NA,NA,insects,biotic,3; 39; 20,NA,NA,NA,,Melastomataceae,Phyllagathis,elliptica
Shirley Graham,Lythraceae,Physocalymma,scaberrimum,Lythraceae_Physocalymma_scaberrimum,,,dry,50,50,50,3.2,4.2,2.7,4,NA,NA,11-15 mm,NA,NA,NA,10-13 mm,Lythraceae,Physocalymma,scaberrimum
Peter Wilson,Myrtaceae,Pileanthus,limacis,Myrtaceae_Pileanthus_limacis,Chamelaucieae,Chamelauciinae,dry,1,1,,NA,2,NA,NA,insects,biotic,10–12 mm,NA,NA,NA,4.5–5 mm,Myrtaceae,Pileanthus,limacis
NA,NA,NA,NA,Myrtaceae_Pilidiostigma_tropicum,NA,NA,NA,NA,NA,NA,NA,NA,NA,NA,NA,NA,NA,NA,NA,NA,NA,Myrtaceae,Pilidiostigma,tropicum
Fabian Michelangeli,Melastomataceae,Pilocosta,oerstedii,Melastomataceae_Pilocosta_oerstedii,Melastomatoideae,Melastomateae,dry,100,100,100,0.5,0.5,0.5,0.5,insects,biotic,7; 12,NA,NA,NA,4.5; 6,Melastomataceae,Pilocosta,oerstedii
Karinne Valdemarin,Myrtaceae,Pimenta,pseudocaryophyllus,Myrtaceae_Pimenta_pseudocaryophyllus,Myrteae,Pimentinae,fleshy,1,3,2,4,8,NA,NA,insects,biotic,?,NA,NA,NA,absent,Myrtaceae,Pimenta,pseudocaryophyllus
Fabian Michelangeli,Melastomataceae,Pleiochiton,blepharodes,Melastomataceae_Pleiochiton_blepharodes,Melastomatoideae,Miconieae,fleshy,150,150,150,0.6,0.9,NA,NA,insects,biotic,4; 8,NA,NA,NA,2.7; 4.5,Melastomataceae,Pleiochiton,blepharodes
Fabian Michelangeli,Melastomataceae,Pleroma,angustifolium,Melastomataceae_Pleroma_angustifolium,Melastomatoideae,Melastomateae,dry,100,100,100,0.6,0.9,NA,NA,insects,biotic,1.5; 2,NA,NA,NA,4.5,Melastomataceae,Pleroma,angustifolium
Darin Penneys,Melastomataceae,Plethiandra,hookeri,Melastomataceae_Plethiandra_robusta,Melastomatoideae,Sonerileae,dry,100,100,100,0.5,1,NA,NA,insects,biotic,9; 23; 13,NA,NA,NA,,Melastomataceae,Plethiandra,hookeri
Peter Wilson,Myrtaceae,Pleurocalyptus,pancheri,Myrtaceae_Pleurocalyptus_pancheri,Xanthostemoneae,,dry,NA,NA,,4,5,NA,NA,NA,NA,30–45 mm,NA,NA,NA,11–15 mm,Myrtaceae,Pleurocalyptus,pancheri
Shirley Graham,Lythraceae,Pleurophora,anomala,Lythraceae_Pleurophora_anomala,,,dry,3,100,51.5,0.6,1,0.4,0.5,insects,biotic,2-4 mm,NA,NA,NA,4-16 mm,Lythraceae,Pleurophora,anomala
Aline Stadnik,Myrtaceae,Plinia,silvestris,Myrtaceae_Plinia_pinnata,Myrteae,Myrciariopsis,fleshy,1,2,1.5,NA,NA,NA,NA,insects,biotic,0.8 - 4 mm ,0.8,4,2.4,1.0 - 2.5 mm,Myrtaceae,Plinia,silvestris
Fabian Michelangeli,Melastomataceae,Poteranthera,pussila,Melastomataceae_Potheranthera_pusilla,Melastomatoideae,Microlicieae,dry,50,50,50,0.8,0.8,0.8,0.8,insects,biotic,3,NA,NA,NA,1,Melastomataceae,Poteranthera,pussila
NA,NA,NA,NA,Myrtaceae_Pseudanamomis_umbellulifera,NA,NA,NA,NA,NA,NA,NA,NA,NA,NA,NA,NA,NA,NA,NA,NA,NA,Myrtaceae,Pseudanamomis,umbellulifera
Fabian Michelangeli,Melastomataceae,Pseudoernestia,glandulosa,Melastomataceae_Pseudoernestia_glandulosa,Melastomatoideae,Marcetieae,dry,50,50,50,0.8,0.8,0.8,0.8,insects,biotic,5; 8,NA,NA,NA,2.7; 3.3,Melastomataceae,Pseudoernestia,glandulosa
Carolyn Proença,Myrtaceae,Psidium,,Myrtaceae_Psidium_sp,Myrteae,Pimentinae,fleshy,3,250,126.5,2,9.5,NA,NA,insects,biotic,10mm; 40mm,10,40,25,0; 1mm,Myrtaceae,Psidium,
Peter Wilson,Myrtaceae,Psiloxylon,mauritianum,Myrtaceae_Psiloxylon_mauritianum,Psiloxyleae,,fleshy,NA,NA,,0.6,0.8,NA,NA,insects,biotic,4.5–5 mm,NA,NA,NA,2–3 mm ,Myrtaceae,Psiloxylon,mauritianum
Darin Penneys,Melastomataceae,Pternandra,azurea,Melastomataceae_Pternandra_azurea_Kibessia,Melastomatoideae (unless data prove Olisbeoideae),Pternandreae,fleshy,100,100,100,0.5,1.25,NA,NA,insects,biotic,4; 28; 15,NA,NA,NA,,Melastomataceae,Pternandra,azurea
Fabian Michelangeli,Melastomataceae,Pterogastra,divaricata,Melastomataceae_Pterogastra_divaricata,Melastomatoideae,Melastomateae,dry,100,100,100,0.8,0.9,NA,NA,insects,biotic,12; 15,NA,NA,NA,7; 8,Melastomataceae,Pterogastra,divaricata
Fabian Michelangeli,Melastomataceae,Pterolepis,glomerata,Melastomataceae_Pterolepis_glomerata,Melastomatoideae,Melastomateae,dry,100,100,100,0.4,0.5,NA,NA,insects,biotic,10; 12,NA,NA,NA,3.5; 5,Melastomataceae,Pterolepis,glomerata
Shirley Graham,Lythraceae,Punica,protopunica,Lythraceae_Punica_protopunica,,,fleshy,100,1000,550,4,4.6,1.8,2,"insects, vertebrates",biotic,ca. 2.0 cm,NA,NA,NA,"ca. 2.0 cm, in P. granatum 2-3 cm",Lythraceae,Punica,protopunica
Peter Wilson,Myrtaceae,Purpureostemon,ciliatum,Myrtaceae_Purpureostemon_ciliatum,Xanthostemoneae,,dry,NA,NA,,4.5,6,NA,NA,vertebrates,biotic,12–18 mm ,NA,NA,NA,2.5–3 mm (excl. sepals 4–5 mm),Myrtaceae,Purpureostemon,ciliatum
Gustavo Shimizu & Deise Gonçalves,Vochysiaceae,Qualea,parviflora,Vochysiaceae_Qualea_cryptantha,,,Dry,3,30,16.5,10,45,5,15,insects,biotic,0.9-7 cm long,9,70,39.5,not measured,Vochysiaceae,Qualea,parviflora
Fabian Michelangeli,Melastomataceae,Quipuanthus,epipetricus,Melastomataceae_Quipuanthus_epipetricus,Melastomatoideae,Cyphostyleae,dry,100,100,100,0.6,1.2,NA,NA,insects,biotic,14; 17,NA,NA,NA,5.8; 8.1,Melastomataceae,Quipuanthus,epipetricus
Fabian Michelangeli,Melastomataceae,Rhexia,virginica,Melastomataceae_Rhexia_virginica,Melastomatoideae,Rhexieae,dry,100,100,100,0.6,0.7,NA,NA,insects,biotic,10; 18,NA,NA,NA,6; 7,Melastomataceae,Rhexia,virginica
NA,NA,NA,NA,Myrtaceae_Rhodamnia_cinerea,NA,NA,NA,NA,NA,NA,NA,NA,NA,NA,NA,NA,NA,NA,NA,NA,NA,Myrtaceae,Rhodamnia,cinerea
NA,NA,NA,NA,Myrtaceae_Rhodomyrtus_tomentosus,NA,NA,NA,NA,NA,NA,NA,NA,NA,NA,NA,NA,NA,NA,NA,NA,NA,Myrtaceae,Rhodomyrtus,tomentosus
Fabian Michelangeli,Melastomataceae,Rhynchanthera,grandiflora,Melastomataceae_Rhynchanthera_grandiflora,Melastomatoideae,Microlicieae,dry,100,100,100,0.5,0.65,NA,NA,insects,biotic,15; 25,NA,NA,NA,5; 6,Melastomataceae,Rhynchanthera,grandiflora
Fabian Michelangeli,Penaeaceae,Rhynchocalyx,lawsonioides,Penaeaceae_Rhynchocalyx_lawsonioides,,,dry,NA,NA,NA,NA,NA,NA,NA,NA,NA,n/a,NA,NA,NA,,Penaeaceae,Rhynchocalyx,lawsonioides
Peter Wilson,Myrtaceae,Rinzia,carnosa,Myrtaceae_Rinzia_carnosa,Chamelaucieae,Rinziinae,dry,1,3,,1.4,1.5,NA,NA,insects,biotic,5.5–7.5 mm,NA,NA,NA,1–1.25 mm,Myrtaceae,Rinzia,carnosa
Peter Wilson,Myrtaceae,Ristantia,gouldii,Myrtaceae_Ristantia_gouldii,Kanieae,,dry,1,3,,5,7,NA,NA,NA,NA,c. 6 mm,NA,NA,NA,c. 2.5 mm (excluding sepals 1.5 mm long),Myrtaceae,Ristantia,gouldii
Shirley Graham,Lythraceae,Rotala,ramosior,Lythraceae_Rotala_ramosior,,,dry,30,300,165,0.3,0.7,0.2,0.4,insects,biotic,2.5 mm,NA,NA,NA,3.3-4.5 mm,Lythraceae,Rotala,ramosior
Darin Penneys,Melastomataceae,Rousseauxia,madagascariensis,Melastomataceae_Rousseauxia_madagascariensis,Melastomatoideae,Melastomeae-OW,dry,100,100,100,0.4,1,NA,NA,insects,biotic,32; 40; 35,NA,NA,NA,,Melastomataceae,Rousseauxia,madagascariensis
Fabian Michelangeli,Melastomataceae,Rupestrea,johnwurdackiana,Melastomataceae_Rupestrea_johnwurdackiana,Melastomatoideae,UNPLACED,dry,3,4,7.5,3,3.5,NA,NA,insects,biotic,5.7; 7.7,NA,NA,NA,2.5; 3,Melastomataceae,Rupestrea,johnwurdackiana
Fabian Michelangeli,Melastomataceae,Salpinga,peruviana,Melastomataceae_Salpinga_maranoensis,Melastomatoideae,Merianieae,dry,50,50,50,0.7,0.9,NA,NA,insects,biotic,15; 17,NA,NA,NA,7,Melastomataceae,Salpinga,peruviana
Gustavo Shimizu & Deise Gonçalves,Vochysiaceae,Salvertia,convallariodora,Vochysiaceae_Salvertia_convallariodora,,,Dry,3,3,3,4,4,10,12,insects,biotic,1.9-2.6 cm long,19,26,22.5,not measured,Vochysiaceae,Salvertia,convallariodora
Fabian Michelangeli,Melastomataceae,Sandemania,hoehnei,Melastomataceae_Sandemania_hoehnei,Melastomatoideae,Marcetieae,dry,100,100,100,0.8,0.9,NA,NA,insects,biotic,3; 5,NA,NA,NA,2.2; 3,Melastomataceae,Sandemania,hoehnei
Peter Wilson,Myrtaceae,Sannantha,crassa,Myrtaceae_Sannantha_crassa,Chamelaucieae,Hysterobaeckeinae,dry,NA,NA,,0.6,0.6,NA,NA,insects,biotic,to 7 mm,NA,NA,NA,2–2.5 mm,Myrtaceae,Sannantha,crassa
Darin Penneys,Melastomataceae,Sarcopyramis,napalensis,Melastomataceae_Sarcopyramis_napalensis,Melastomatoideae,Sonerileae,dry,100,100,100,0.6,1,NA,NA,insects,biotic,10; 27; 18,NA,NA,NA,,Melastomataceae,Sarcopyramis,napalensis
Peter Wilson,Myrtaceae,Scholtzia,uberiflora,Myrtaceae_Scholtzia_uberiflora,Chamelaucieae,Hysterobaeckeinae,dry,1,1,,0.8,1.9,NA,NA,insects,biotic,5–6.5 mm ,NA,NA,NA,1–1.5 mm,Myrtaceae,Scholtzia,uberiflora
Fabian Michelangeli,Melastomataceae,Schwackaea,cupheoides,Melastomataceae_Schwackaea_cupheoides,Melastomatoideae,Melastomateae,dry,50,50,50,0.5,0.6,NA,NA,insects,biotic,5; 7,NA,NA,NA,7; 8,Melastomataceae,Schwackaea,cupheoides
Peter Wilson,Myrtaceae,Seorsus,clavifolius,Myrtaceae_Seorsus_clavifolius_Astartea,Chamelaucieae,Astarteinae,dry,5,12,,1.2,1.4,NA,NA,insects,biotic,9–12 mm,NA,NA,NA,1.8–2.5 mm,Myrtaceae,Seorsus,clavifolius
Fabian Michelangeli,Melastomataceae,Siphanthera,hostmanii,Melastomataceae_Siphanthera_hostmannii,Melastomatoideae,Marcetieae,dry,100,100,100,0.45,0.5,NA,NA,insects,biotic,1.5; 2,NA,NA,NA,2; 3,Melastomataceae,Siphanthera,hostmanii
Carolyn Proença,Myrtaceae,Siphoneugena,guifoyleana,Myrtaceae_Siphoneugena_guilfoyleiana,Myrteae,Pliniinae,fleshy,1,4,2.5,7,7,NA,NA,insects,biotic,3mm; 7mm; 5mm,3,7,5,1.5; 4mm; 2-3mm,Myrtaceae,Siphoneugena,guifoyleana
Fabian Michelangeli,Penaeaceae,Sonderothamnus,petraeus,Penaeaceae_Sonderothamnus_petraeus,,,dry,NA,NA,NA,NA,NA,NA,NA,NA,NA,n/a,NA,NA,NA,7; 8,Penaeaceae,Sonderothamnus,petraeus
Darin Penneys,Melastomataceae,Sonerila,plagiocardia,Melastomataceae_Sonerila_cantonensis,Melastomatoideae,Sonerileae,dry,50,50,50,0.4,0.8,NA,NA,insects,biotic,7; 36; 17,NA,NA,NA,,Melastomataceae,Sonerila,plagiocardia
Shirley Graham,Lythraceae,Sonneratia,,Lythraceae_Sonneratia_,,,fleshy,100,1000,550,5,12,4,10,vertebrates,biotic,1.5-3.0 cm,NA,NA,NA,1.5-3.0 cm,Lythraceae,Sonneratia,
Darin Penneys,Melastomataceae,Spathandra,blakeoides,Melastomataceae_Spathandra_blakeoides,Olisbeoideae ,Olisbeoideae,fleshy,1,2,1.5,2,3,NA,NA,insects,biotic,5,NA,NA,NA,,Melastomataceae,Spathandra,blakeoides
Peter Wilson,Myrtaceae,Sphaerantia,discolor,Myrtaceae_Sphaerantia_discolor,Kanieae,,dry,1,3,,5,6,NA,NA,NA,NA,10–12 mm,NA,NA,NA,c. 4 mm (excluding sepals 1.5–2.5 mm long),Myrtaceae,Sphaerantia,discolor
Fabian Michelangeli,Melastomataceae,Stenodon,suberosus,Melastomataceae_Stenodon_suberosus,Melastomatoideae,Microlicieae,dry,100,100,100,0.6,0.8,NA,NA,insects,biotic,20; 30,NA,NA,NA,6; 7,Melastomataceae,Stenodon,suberosus
Peter Wilson,Myrtaceae,Stenostegia,congesta,Myrtaceae_Stenostegia_congesta,Chamelaucieae,Stenostegiinae,dry,6,9,,0.6,0.6,NA,NA,insects,biotic,5 mm,NA,NA,NA,1.8–2 mm,Myrtaceae,Stenostegia,congesta
Andrew Thornhill,Myrtaceae,Stockwellia,quadrifida,Myrtaceae_Stockwellia_quadrifida,Eucalypteae,Mesicalypt (as per Thornhill et al. 2019),Dry,NA,NA,NA,8,11,5,6,insects,biotic,4,NA,NA,NA,,Myrtaceae,Stockwellia,quadrifida
"Olivier Maurin, Ian Turner",Combretaceae,Strephonema,mannii,Combretaceae_Strephonema_mannii,Strephonematoideae,,fleshy,1,1,1,50,70,NA,NA,insects,biotic,"0,4; 0,8",NA,NA,NA,3 mm,Combretaceae,Strephonema,mannii
Fabian Michelangeli,Penaeaceae,Stylapterus,micranthus,Penaeaceae_Stylapterus_micranthus,,,NA,NA,NA,NA,NA,NA,NA,NA,,,,NA,NA,NA,,Penaeaceae,Stylapterus,micranthus
Darin Penneys,Melastomataceae,Styrophyton,caudatum,Melastomataceae_Styrophyton_caudatum,Melastomatoideae,Sonerileae,dry,100,100,100,0.6,0.7,NA,NA,insects,biotic,3; 3; 3,NA,NA,NA,,Melastomataceae,Styrophyton,caudatum
Fabian Michelangeli,Melastomataceae,Svitramia,wurdackiana,Melastomataceae_Svitramia_wurdackiana,Melastomatoideae,Melastomateae,dry,100,100,100,0.6,0.6,0.6,0.6,insects,biotic,13; 16,NA,NA,NA,4; 5,Melastomataceae,Svitramia,wurdackiana
Peter Wilson,Myrtaceae,Syncarpia,glomulifera,Myrtaceae_Syncarpia_glomulifera,Syncarpieae,,dry,NA,NA,,1.5,3,NA,NA,"insects, vertebrates",biotic,9–12 mm,NA,NA,NA,2–2.5 mm,Myrtaceae,Syncarpia,glomulifera
Yee Wen Low,Myrtaceae,Syzygium,acuminatissimum,Myrtaceae_Syzygium_acuminatissimum_Acmena,Syzygieae,"subgenus Acmena, sect. Acmena",Fleshy,1,1,1,NA,10,NA,NA,Insects,biotic,4; 5,NA,NA,NA,10mm; 15mm,Myrtaceae,Syzygium,acuminatissimum
Peter Wilson,Myrtaceae,Taxandria,,Myrtaceae_Taxandria_,Leptospermeae,,dry,3,3,,1,1,NA,NA,insects,biotic,3.5–6,NA,NA,NA,0.7–2 mm ,Myrtaceae,Taxandria,
"Olivier Maurin, Ian Turner",Combretaceae,Terminalia,ankaranensis,Combretaceae_Terminalia_ankaranensis,Combretoideae,Combreteae / Terminaliinae,dry,1,1,1,5,40,NA,NA,insects,biotic,absent,NA,NA,NA,2.5 mm,Combretaceae,Terminalia,ankaranensis
Fabian Michelangeli,Melastomataceae,Tessmannianthus,quadridomius,Melastomataceae_Tessmannianthus_quadridomius,Melastomatoideae,Astronieae,dry,NA,NA,NA,NA,NA,NA,NA,NA,NA,10.5,NA,NA,NA,8.5,Melastomataceae,Tessmannianthus,quadridomius
Peter Wilson,Myrtaceae,Tetrapora,preissiana,Myrtaceae_Tetrapora_preissiana_Baeckea,Chamelaucieae,Hysterobaeckeinae,dry,NA,NA,,0.4,1.1,NA,NA,insects,biotic,5.5–6.5 mm ,NA,NA,NA,0.7–1 mm ,Myrtaceae,Tetrapora,preissiana
Peter Hoch,Onagraceae,Tetrapteron,palmeri,Onagraceae_Tetrapteron_palmeri_Camissonia,Subfam. Onagroideae,Tribe Onagreae,dry,8,36,22,1.2,2,NA,NA,insects,biotic,4; 30; c. 12,4,30,17,0.8-1.3/ 1.6-3.2 (2 spp.),Onagraceae,Tetrapteron,palmeri
Shirley Graham,Lythraceae,Tetrataxis,salicifolia,Lythraceae_Tetrataxis_salicifolia,,,dry,50,50,50,0.9,1.2,0.2,0.5,NA,NA,12mm,NA,NA,NA,13-15 mm; 15 mm,Lythraceae,Tetrataxis,salicifolia
Fabian Michelangeli,Melastomataceae,Tetrazygia,urceolata,Melastomataceae_Tetrazygia_urceolata,Melastomatoideae,Miconieae,fleshy,NA,NA,NA,NA,NA,NA,NA,insects,biotic,5,NA,NA,NA,4.5,Melastomataceae,Tetrazygia,urceolata
Peter Wilson,Myrtaceae,Thaleropia,hypargyrea,Myrtaceae_Thaleropia_queenslandica,Tristanieae,,dry,NA,NA,,1,1,NA,NA,vertebrates,biotic,9–10 mm ,NA,NA,NA,3–3.5 mm ,Myrtaceae,Thaleropia,hypargyrea
Peter Wilson,Myrtaceae,Thryptomene,australis,Myrtaceae_Thryptomene_australis,Chamelaucieae,Thryptomeninae,dry,1,2,,1.4,1.4,NA,NA,insects,biotic,6–7 mm,NA,NA,NA,1.5(–2) mm,Myrtaceae,Thryptomene,australis
Fabian Michelangeli,Melastomataceae,Tibouchina,aspera,Melastomataceae_Tibouchina_aspera,Melastomatoideae,Melastomateae,dry,100,100,100,0.6,0.9,NA,NA,insects,biotic,9; 15,NA,NA,NA,7; 8,Melastomataceae,Tibouchina,aspera
Fabian Michelangeli,Melastomataceae,Tibouchinopsis,mirabilis,Melastomataceae_Tibouchinopsis_mirabilis,Melastomatoideae,Melastomateae,dry,100,100,100,0.8,0.8,0.8,0.8,insects,biotic,17,NA,NA,NA,5,Melastomataceae,Tibouchinopsis,mirabilis
Darin Penneys,Melastomataceae,Tigridiopalma,magnifica,Melastomataceae_Tigridiopalma_magnifica,Melastomatoideae,Sonerileae,dry,100,100,100,NA,NA,NA,NA,insects,biotic,22; 22; 22,NA,NA,NA,,Melastomataceae,Tigridiopalma,magnifica
Fabian Michelangeli,Melastomataceae,Tococa,guianensis,Melastomataceae_Tococa_guianensis,Melastomatoideae,Miconieae,fleshy,100,100,100,0.6,1.2,NA,NA,insects,biotic,6.5; 15; 11,NA,NA,NA,5; 7.5,Melastomataceae,Tococa,guianensis
Shirley Graham,Lythraceae,Trapa,natans,Lythraceae_Trapa_natans,,,fleshy,1,1,1,10,20,10,20,insects,biotic,3.5 cm,NA,NA,NA,2.5-3.5 cm,Lythraceae,Trapa,natans
Fabian Michelangeli,Melastomataceae,Trembleya,parviflora,Melastomataceae_Trembleya_parviflora,Melastomatoideae,Microlicieae,dry,100,100,100,0.7,0.8,NA,NA,insects,biotic,5; 7,NA,NA,NA,2.5,Melastomataceae,Trembleya,parviflora
Fabian Michelangeli,Melastomataceae,Triolena,amazonica,Melastomataceae_Triolena_amazonica,Melastomatoideae,Trioleneae,dry,100,100,100,0.45,0.6,NA,NA,insects,biotic,6; 7,NA,NA,NA,4; 5,Melastomataceae,Triolena,amazonica
Peter Wilson,Myrtaceae,Triplarina,paludosa,Myrtaceae_Triplarina_paludosa,Chamelaucieae,Rinziinae,dry,6,9,,0.5,0.8,NA,NA,insects,biotic,4.5–5 mm,NA,NA,NA,1.3–1.4 mm,Myrtaceae,Triplarina,paludosa
Peter Wilson,Myrtaceae,Tristaniopsis,whiteana,Myrtaceae_Tristaniopsis_whiteana,Kanieae,,dry,4,12,,2,5,NA,NA,NA,NA,1–3 mm,NA,NA,NA,1–2 mm,Myrtaceae,Tristaniopsis,whiteana
Darin Penneys,Melastomataceae,Tristemma,mauritianum,Melastomataceae_Tristemma_mauritianum,Melastomatoideae,Melastomeae-OW,fleshy,100,100,100,0.2,0.6,NA,NA,insects,biotic,5; 33; 20,NA,NA,NA,,Melastomataceae,Tristemma,mauritianum
Fabian Michelangeli,Melastomataceae,Tryssophyton,merumense,Melastomataceae_Tryssophyton_merumense,Melastomatoideae,Sonerileae,dry,50,50,50,0.5,0.6,NA,NA,insects,biotic,11; 13,NA,NA,NA,2; 2.5,Melastomataceae,Tryssophyton,merumense
NA,NA,NA,NA,Myrtaceae_Ugni_myricoides,NA,NA,NA,NA,NA,NA,NA,NA,NA,NA,NA,NA,NA,NA,NA,NA,NA,Myrtaceae,Ugni,myricoides
NA,NA,NA,NA,Myrtaceae_Uromyrtus_artensis,NA,NA,NA,NA,NA,NA,NA,NA,NA,NA,NA,NA,NA,NA,NA,NA,NA,Myrtaceae,Uromyrtus,
Peter Wilson,Myrtaceae,Verticordia,huegelii,Myrtaceae_Verticordia_huegelii,Chamelaucieae,Chamelauciinae,dry,1,1,,1,1,NA,NA,NA,NA,3–4 mm,NA,NA,NA,2–4 mm,Myrtaceae,Verticordia,huegelii
Gustavo Shimizu & Deise Gonçalves,Vochysiaceae,Vochysia,guianensis,Vochysiaceae_Vochysia_guianensis,,,Dry,3,3,3,15,35,5,12,insects,biotic,0.4-3.5 cm long,4,35,19.5,not measured,Vochysiaceae,Vochysia,guianensis
Fabian Michelangeli,Melastomataceae,Votomita,guianensis,Melastomataceae_Votomita_guianensis,Olisbeoideae,Olisbeoideae-NW,fleshy,1,1,1,6.5,6.5,6.5,6.5,insects,biotic,5; 6.5,NA,NA,NA,3; 4,Melastomataceae,Votomita,guianensis
Fabian Michelangeli,Melastomataceae,Warneckea,,Melastomataceae_Warneckea_,Olisbeoideae,Olisbeoideae-OW,NA,NA,NA,NA,NA,NA,NA,NA,insects,biotic,,NA,NA,NA,,Melastomataceae,Warneckea,
Peter Wilson,Myrtaceae,Welchiodendron,longivalve,Myrtaceae_Welchiodendron_longivalve,Lophostemoneae,,dry,NA,NA,,6,8,NA,NA,NA,NA,20–25 mm ,NA,NA,NA,1–2 mm,Myrtaceae,Welchiodendron,longivalve
Peter Wilson,Myrtaceae,Whiteodendron,moultonianum,Myrtaceae_Whiteodendron_moultonianum,Lophostemoneae,,dry,1,1,,12,12,NA,NA,NA,NA,c. 23–28 mm,NA,NA,NA,3–4 mm,Myrtaceae,Whiteodendron,moultonianum
Shirley Graham,Lythraceae,Woodfordia,fruticosa,Lythraceae_Woodfordia_fruticosa,,,dry,50,50,50,0.7,1,0.2,0.3,"insects, vertebrates",biotic,3-4 mm,NA,NA,NA,15-17 mm,Lythraceae,Woodfordia,fruticosa
Fabian Michelangeli,Melastomataceae,Wurdastom,hexamera,Melastomataceae_Wurdastom_hexamera,Melastomatoideae,Cyphostyleae,dry,100,100,100,0.5,0.6,NA,NA,insects,biotic,4; 5,NA,NA,NA,3,Melastomataceae,Wurdastom,hexamera
Peter Wilson,Myrtaceae,Xanthomyrtus,,Myrtaceae_Xanthomyrtus_compacta,Tristanieae,,fleshy,NA,NA,,1,1.5,NA,NA,insects,biotic,c. 11–13,NA,NA,NA,2–2.5 mm,Myrtaceae,Xanthomyrtus,
NA,NA,NA,NA,Melastomataceae_Brasilianthus_carajensis,NA,NA,NA,NA,NA,NA,NA,NA,NA,NA,NA,NA,NA,NA,NA,NA,NA,NA,NA,NA
NA,NA,NA,NA,Melastomataceae_Physeterostemon_gomesii,NA,NA,NA,NA,NA,NA,NA,NA,NA,NA,NA,NA,NA,NA,NA,NA,NA,NA,NA,NA
NA,NA,NA,NA,Myrtaceae_Pimenta_dioica,NA,NA,NA,NA,NA,NA,NA,NA,NA,NA,NA,NA,NA,NA,NA,NA,NA,NA,NA,NA
NA,NA,NA,NA,Myrtaceae_Xanthostemon_aurantiacus,NA,NA,NA,NA,NA,NA,NA,NA,NA,NA,NA,NA,NA,NA,NA,NA,NA,NA,NA,NA
NA,NA,NA,NA,Onagraceae_Camissoniopsis_cheiranthifolia,NA,NA,NA,NA,NA,NA,NA,NA,NA,NA,NA,NA,NA,NA,NA,NA,NA,NA,NA,NA
NA,NA,NA,NA,Onagraceae_Taraxia_tanacetifolia,NA,NA,NA,NA,NA,NA,NA,NA,NA,NA,NA,NA,NA,NA,NA,NA,NA,NA,NA,NA