Family,Genus,Species,tip_tree,tip_name
Melastomataceae,Wurdastom,hexamera,Wurdastom_hexamera,Wurdastom_hexamera
Lythraceae,Woodfordia,fruticosa,Woodfordia_fruticosa,Woodfordia_fruticosa
Melastomataceae,Bertolonia,wurdackiana,Bertolonia_paranaensis,why false?
Melastomataceae,Cambessedesia,eichlerii,Cambessedesia_eichleri,updated
Myrtaceae,Whiteodendron,moultonianum,Whiteodendron_moultonianum,Whiteodendron_moultonianum
Myrtaceae,Welchiodendron,longivalve,Welchiodendron_longivalve,Welchiodendron_longivalve
Melastomataceae,Votomita,guianensis,Votomita_guianensis,Votomita_guianensis
Vochysiaceae,Vochysia,guianensis,Vochysia_guianensis,Vochysia_guianensis
Myrtaceae,Verticordia,huegelii,Verticordia_huegelii,Verticordia_huegelii
Melastomataceae,Leandra,subseriata,Leandra_australis,updated
Myrtaceae,Plinia,silvestris,Plinia_pinnata,updated
Myrtaceae,Psidium,,Psidium_sp,updated
Myrtaceae,Siphoneugena,guifoyleana,Siphoneugena_guilfoyleiana,updated
Melastomataceae,Astronidium,morobiense,Astronidium_pickeringii,updated
Melastomataceae,Dichaetanthera,,Dichaetanthera,updated
Melastomataceae,Dionycha,bojerii,Dyonicha_bojeri,updated
Melastomataceae,Plethiandra,hookeri,Plethiandra_robusta,updated
Melastomataceae,Sonerila,plagiocardia,Sonerila_cantonensis,updated
Myrtaceae,Mitranthes,glabra,Myrcia_psilophylla,DROP
Melastomataceae,Brachyotum,angustifolium,Brachyotum_quinquinerve,updated
Melastomataceae,Clidemia,eggersii,Clidemia_hirta,updated
Melastomataceae,Eriocnema,gomesii,Eriocnema_fulva,updated
Melastomataceae,Killipia,peduculata,Killipia_pedunculata,updated
Melastomataceae,Macrocentrum,repens,Macrocentrum_droseroides,updated
Melastomataceae,Maieta,poeppiggii,Maieta_poeppigii,updated
Melastomataceae,Monolena,primuliflora,Monolena_primulaeflora,updated
Melastomataceae,Necranium,gigantophyllum,Necramium_gigantophyllum,updated
Melastomataceae,Poteranthera,pussila,Potheranthera_pusilla,updated
Melastomataceae,Salpinga,peruviana,Salpinga_maranoensis,updated
Melastomataceae,Siphanthera,hostmanii,Siphanthera_hostmannii,updated
Melastomataceae,Tibouchina,ochypetala,Tibouchina_ochypetalum,DROP
Melastomataceae,Warneckea,,Warneckea,updated
Penaeaceae,Olinia,,Olinia,updated
Myrtaceae,Acca,sellowiana,Feijoa_sellowiana,updated
Myrtaceae,Gossia,,Gossia_clusioides,updated
Myrtaceae,Kanakomyrtus,,Kanakomyrtus,updated
Myrtaceae,Lenwebbia,prominens,Lenwebbia_lasiocladum,updated
Myrtaceae,Lophomyrtus,bullata,Lophomyrtus_obcordata,updated
Myrtaceae,Myrteola,nummularia,Myrteola_acerosa,updated
Myrtaceae,Uromyrtus,,Uromyrtus_artensis,updated
Vochysiaceae,Qualea,parviflora,Qualea_cryptantha,updated
Myrtaceae,Algrizea,minor,Algrizea_macrochlamys,updated
Combretaceae,Anogeissus,dhofarica,Terminalia_dhofarica,DROP
Combretaceae,Buchenavia,tetraphylla,Buchenavia_reticulata,updated
Combretaceae,Calopyxis,grandidieri,Combretum_grandidierum,DROP
Combretaceae,Calycopteris,floribunda,Getonia_floribunda,updated
Combretaceae,Pteleopsis,myrtifolia,Terminalia_myrtifolia,DROP
Combretaceae,Thiloa,glaucocarpa,Combretum_glaucocarpum,DROP
Onagraceae,Boisduvalia,subulata,Epilobium_subdentatum,DROP
Onagraceae,Camissonia,tanacetifolia,Camissonia_strigulosa,updated
Onagraceae,Chemerion,latifolium,Chamaenerion_latifolium,updated
Myrtaceae,Agonis,,Agonis,updated
Myrtaceae,Asteromyrtus,angustifolia,Astereomyrtus_symphiocarpa,updated
Myrtaceae,Baeckea,crispiflora,Ericomyrtus_serpyllifolia,updated
Myrtaceae,Callistemon,comboynensis,Melaleuca_comboynensis,updated
Myrtaceae,Harmogia,virgata,Sannantha_virgata,DROP
Myrtaceae,Kunzea,,Kunzea,updated
Myrtaceae,Lophostemon,suaveolens,Lophostemon_confertus,updated
Myrtaceae,Malleostemon,,Malleostemon,updated
Myrtaceae,Melaleuca,platycalyx,Melaleuca_quinquenervia,updated
Myrtaceae,Metrosideros,tomentosa,Metrosideros_angustifolia,updated
Myrtaceae,Taxandria,,Taxandria,updated
Myrtaceae,Thaleropia,hypargyrea,Thaleropia_queenslandica,updated
Myrtaceae,Xanthomyrtus,,Xanthomyrtus_compacta,updated
Lythraceae,Lythrum,alatum,Lythrum_salicaria,updated
Lythraceae,Sonneratia,,Sonneratia,updated
Myrtaceae,Acmena,acuminatissima,Syzygium_acuminatissimum,updated
Myrtaceae,Acmenosperma,claviflorum,Syzygium_claviflorum,DROP
Myrtaceae,Ugni,myricoides,Ugni_myricoides,Ugni_myricoides
Melastomataceae,Tryssophyton,merumense,Tryssophyton_merumense,Tryssophyton_merumense
Melastomataceae,Tristemma,mauritianum,Tristemma_mauritianum,Tristemma_mauritianum
Myrtaceae,Tristaniopsis,whiteana,Tristaniopsis_whiteana,Tristaniopsis_whiteana
Myrtaceae,Triplarina,paludosa,Triplarina_paludosa,Triplarina_paludosa
Melastomataceae,Triolena,amazonica,Triolena_amazonica,Triolena_amazonica
Melastomataceae,Trembleya,parviflora,Trembleya_parviflora,Trembleya_parviflora
Lythraceae,Trapa,natans,Trapa_natans,Trapa_natans
Melastomataceae,Tococa,guianensis,Tococa_guianensis,Tococa_guianensis
Melastomataceae,Tigridiopalma,magnifica,Tigridiopalma_magnifica,Tigridiopalma_magnifica
Melastomataceae,Tibouchinopsis,mirabilis,Tibouchinopsis_mirabilis,Tibouchinopsis_mirabilis
Melastomataceae,Tibouchina,longifolia,Tibouchina_longifolia,DROP
Melastomataceae,Tibouchina,lepidota,Tibouchina_lepidota,DROP
Melastomataceae,Tibouchina,heteromalla,Tibouchina_heteromalla,DROP
Melastomataceae,Tibouchina,aspera,Tibouchina_aspera,Tibouchina_aspera
Myrtaceae,Thryptomene,australis,Thryptomene_australis,Thryptomene_australis
Melastomataceae,Tetrazygia,urceolata,Tetrazygia_urceolata,Tetrazygia_urceolata
Lythraceae,Tetrataxis,salicifolia,Tetrataxis_salicifolia,Tetrataxis_salicifolia
Onagraceae,Tetrapteron,palmeri,Tetrapteron_palmeri,Tetrapteron_palmeri
Myrtaceae,Tetrapora,preissiana,Tetrapora_preissiana,Tetrapora_preissiana
Melastomataceae,Tessmannianthus,quadridomius,Tessmannianthus_quadridomius,Tessmannianthus_quadridomius
Combretaceae,Terminalia,buceras,Terminalia_buceras,DROP
Combretaceae,Terminalia,ankaranensis,Terminalia_ankaranensis,Terminalia_ankaranensis
Myrtaceae,Syzygium,acuminatissimum,Syzygium_acuminatissimum,Syzygium_acuminatissimum
Myrtaceae,Syncarpia,glomulifera,Syncarpia_glomulifera,Syncarpia_glomulifera
Melastomataceae,Svitramia,wurdackiana,Svitramia_wurdackiana,Svitramia_wurdackiana
Melastomataceae,Styrophyton,caudatum,Styrophyton_caudatum,Styrophyton_caudatum
Penaeaceae,Stylapterus,micranthus,Stylapterus_micranthus,Stylapterus_micranthus
Combretaceae,Strephonema,mannii,Strephonema_mannii,Strephonema_mannii
Myrtaceae,Stockwellia,quadrifida,Stockwellia_quadrifida,Stockwellia_quadrifida
Myrtaceae,Stenostegia,congesta,Stenostegia_congesta,Stenostegia_congesta
Melastomataceae,Stenodon,suberosus,Stenodon_suberosus,Stenodon_suberosus
Myrtaceae,Sphaerantia,discolor,Sphaerantia_discolor,Sphaerantia_discolor
Melastomataceae,Spathandra,blakeoides,Spathandra_blakeoides,Spathandra_blakeoides
Penaeaceae,Sonderothamnus,petraeus,Sonderothamnus_petraeus,Sonderothamnus_petraeus
Myrtaceae,Seorsus,clavifolius,Seorsus_clavifolius,Seorsus_clavifolius
Melastomataceae,Schwackaea,cupheoides,Schwackaea_cupheoides,Schwackaea_cupheoides
Myrtaceae,Scholtzia,uberiflora,Scholtzia_uberiflora,Scholtzia_uberiflora
Melastomataceae,Sarcopyramis,napalensis,Sarcopyramis_napalensis,Sarcopyramis_napalensis
Myrtaceae,Sannantha,crassa,Sannantha_crassa,Sannantha_crassa
Melastomataceae,Sandemania,hoehnei,Sandemania_hoehnei,Sandemania_hoehnei
Vochysiaceae,Salvertia,convallariodora,Salvertia_convallariodora,Salvertia_convallariodora
Melastomataceae,Rupestrea,johnwurdackiana,Rupestrea_johnwurdackiana,Rupestrea_johnwurdackiana
Melastomataceae,Rousseauxia,madagascariensis,Rousseauxia_madagascariensis,Rousseauxia_madagascariensis
Lythraceae,Rotala,ramosior,Rotala_ramosior,Rotala_ramosior
Myrtaceae,Ristantia,gouldii,Ristantia_gouldii,Ristantia_gouldii
Myrtaceae,Rinzia,carnosa,Rinzia_carnosa,Rinzia_carnosa
Penaeaceae,Rhynchocalyx,lawsonioides,Rhynchocalyx_lawsonioides,Rhynchocalyx_lawsonioides
Melastomataceae,Rhynchanthera,grandiflora,Rhynchanthera_grandiflora,Rhynchanthera_grandiflora
Myrtaceae,Rhodomyrtus,tomentosus,Rhodomyrtus_tomentosus,Rhodomyrtus_tomentosus
Myrtaceae,Rhodamnia,cinerea,Rhodamnia_cinerea,Rhodamnia_cinerea
Melastomataceae,Rhexia,virginica,Rhexia_virginica,Rhexia_virginica
Melastomataceae,Quipuanthus,epipetricus,Quipuanthus_epipetricus,Quipuanthus_epipetricus
Myrtaceae,Purpureostemon,ciliatum,Purpureostemon_ciliatum,Purpureostemon_ciliatum
Lythraceae,Punica,protopunica,Punica_protopunica,Punica_protopunica
Melastomataceae,Pterolepis,glomerata,Pterolepis_glomerata,Pterolepis_glomerata
Melastomataceae,Pterogastra,divaricata,Pterogastra_divaricata,Pterogastra_divaricata
Melastomataceae,Pternandra,multiflora,Pternandra_multiflora,DROP
Melastomataceae,Pternandra,cogniauxii,Pternandra_cogniauxii,DROP
Melastomataceae,Pternandra,azurea,Pternandra_azurea,Pternandra_azurea
Myrtaceae,Psiloxylon,mauritianum,Psiloxylon_mauritianum,Psiloxylon_mauritianum
Melastomataceae,Pseudoernestia,glandulosa,Pseudoernestia_glandulosa,Pseudoernestia_glandulosa
Myrtaceae,Pseudanamomis,umbellulifera,Pseudanamomis_umbellulifera,Pseudanamomis_umbellulifera
Lythraceae,Pleurophora,anomala,Pleurophora_anomala,Pleurophora_anomala
Myrtaceae,Pleurocalyptus,pancheri,Pleurocalyptus_pancheri,Pleurocalyptus_pancheri
Melastomataceae,Pleroma,angustifolium,Pleroma_angustifolium,Pleroma_angustifolium
Melastomataceae,Pleiochiton,blepharodes,Pleiochiton_blepharodes,Pleiochiton_blepharodes
Myrtaceae,Pimenta,pseudocaryophyllus,Pimenta_pseudocaryophyllus,Pimenta_pseudocaryophyllus
Melastomataceae,Pilocosta,oerstedii,Pilocosta_oerstedii,Pilocosta_oerstedii
Myrtaceae,Pilidiostigma,tropicum,Pilidiostigma_tropicum,Pilidiostigma_tropicum
Myrtaceae,Pileanthus,limacis,Pileanthus_limacis,Pileanthus_limacis
Lythraceae,Physocalymma,scaberrimum,Physocalymma_scaberrimum,Physocalymma_scaberrimum
Melastomataceae,Phyllagathis,elliptica,Phyllagathis_elliptica,Phyllagathis_elliptica
Melastomataceae,Phainantha,laxiflora,Phainantha_laxiflora,Phainantha_laxiflora
Myrtaceae,Pericalymma,spongiocaule,Pericalymma_spongiocaule,Pericalymma_spongiocaule
Penaeaceae,Penaea,mucronata,Penaea_mucronata,Penaea_mucronata
Lythraceae,Pemphis,acidula,Pemphis_acidula,Pemphis_acidula
Lythraceae,Pehria,compacta,Pehria_compacta,Pehria_compacta
Melastomataceae,Pachyloma,huberioides,Pachyloma_huberioides,Pachyloma_huberioides
Melastomataceae,Pachyanthus,moensis,Pachyanthus_moensis,Pachyanthus_moensis
Melastomataceae,Oxyspora,paniculata,Oxyspora_paniculata,DROP
Melastomataceae,Oxyspora,cordata,Oxyspora_cordata,Oxyspora_cordata
Myrtaceae,Oxymyrrhine,gracilis,Oxymyrrhine_gracilis,Oxymyrrhine_gracilis
Melastomataceae,Ossaea,boliviensis,Ossaea_boliviensis,DROP
Melastomataceae,Ossaea,amygdaloides,Ossaea_amygdaloides,Ossaea_amygdaloides
Melastomataceae,Osbeckia,stellata,Osbeckia_stellata,Osbeckia_stellata
Melastomataceae,Opisthocentra,clidemioides,Opisthocentra_clidemioides,Opisthocentra_clidemioides
Onagraceae,Oenothera,glazioviana,Oenothera_glazioviana,Oenothera_glazioviana
Myrtaceae,Octamyrtus,pleiopetala,Octamyrtus_pleiopetala,Octamyrtus_pleiopetala
Melastomataceae,Ochthephilus,repentinus,Ochthephilus_repentinus,Ochthephilus_repentinus
Myrtaceae,Ochrosperma,lineare,Ochrosperma_lineare,Ochrosperma_lineare
Melastomataceae,Noterophila,bivalvis,Noterophila_bivalvis,Noterophila_bivalvis
Melastomataceae,Nepsera,aquatica,Nepsera_aquatica,Nepsera_aquatica
Myrtaceae,Neomitranthes,cordifolia,Neomitranthes_cordifolia,Neomitranthes_cordifolia
Onagraceae,Neoholmgrenia,andina,Neoholmgrenia_andina,Neoholmgrenia_andina
Myrtaceae,Neofabricia,myrtifolia,Neofabricia_myrtifolia,Neofabricia_myrtifolia
Myrtaceae,Myrtus,communis,Myrtus_communis,Myrtus_communis
Myrtaceae,Myrtella,beccarii,Myrtella_beccarii,Myrtella_beccarii
Myrtaceae,Myrtastrum,rufopunctatum,Myrtastrum_rufopunctatum,Myrtastrum_rufopunctatum
Myrtaceae,Myrrhinium,atropurpureum,Myrrhinium_atropurpureum,Myrrhinium_atropurpureum
Melastomataceae,Myriaspora,egensis,Myriaspora_egensis,Myriaspora_egensis
Myrtaceae,Myrciaria,disticha,Myrciaria_disticha,Myrciaria_disticha
Myrtaceae,Myrcianthes,fragrans,Myrcianthes_fragrans,Myrcianthes_fragrans
Myrtaceae,Myrcia,tomentosa,Myrcia_tomentosa,Myrcia_tomentosa
Myrtaceae,Myrceugenia,alpigena,Myrceugenia_alpigena,Myrceugenia_alpigena
Melastomataceae,Mouriri,gleasoniana,Mouriri_gleasoniana,Mouriri_gleasoniana
Melastomataceae,Monochaetum,lineatum,Monochaetum_lineatum,Monochaetum_lineatum
Myrtaceae,Mitrantia,bilocularis,Mitrantia_bilocularis,Mitrantia_bilocularis
Myrtaceae,Micromyrtus,obovata,Micromyrtus_obovata,Micromyrtus_obovata
Melastomataceae,Microlicia,cordata,Microlicia_cordata,Microlicia_cordata
Melastomataceae,Microlepis,oleaefolia,Microlepis_oleaefolia,Microlepis_oleaefolia
Melastomataceae,Miconia,albicans,Miconia_albicans,Miconia_albicans
Melastomataceae,Merianthera,bullata,Merianthera_bullata,Merianthera_bullata
Melastomataceae,Meriania,albiflora,Meriania_albiflora,Meriania_albiflora
Melastomataceae,Memecylon,rheophyticum,Memecylon_rheophyticum,Memecylon_rheophyticum
Melastomataceae,Melastomastrum,theifolium,Melastomastrum_theifolium,Melastomastrum_theifolium
Melastomataceae,Melastoma,malabathricum,Melastoma_malabathricum,Melastoma_malabathricum
Melastomataceae,Medinilla,crassifolia,Medinilla_crassifolia,Medinilla_crassifolia
Melastomataceae,Mecranium,haemanthum,Mecranium_haemanthum,Mecranium_haemanthum
Melastomataceae,Marcetia,taxifolia,Marcetia_taxifolia,Marcetia_taxifolia
Combretaceae,Macropteranthes,montana,Macropteranthes_montana,DROP
Melastomataceae,Macairea,pachyphylla,Macairea_pachyphylla,Macairea_pachyphylla
Myrtaceae,Lysicarpus,angustifolius,Lysicarpus_angustifolius,Lysicarpus_angustifolius
Combretaceae,Lumnitzera,racemosa,Lumnitzera_racemosa,Lumnitzera_racemosa
Myrtaceae,Luma,apiculata,Luma_apiculata,Luma_apiculata
Onagraceae,Ludwigia,octovalvis,Ludwigia_octovalvis,Ludwigia_octovalvis
Lythraceae,Lourtella,resinosa,Lourtella_resinosa,Lourtella_resinosa
Melastomataceae,Loricalepis,duckei,Loricalepis_duckei,Loricalepis_duckei
Melastomataceae,Loreya,subandina,Loreya_subandina,Loreya_subandina
Onagraceae,Lopezia,hirsuta,Lopezia_hirsuta,Lopezia_hirsuta
Myrtaceae,Lithomyrtus,grandifolia,Lithomyrtus_grandifolia,Lithomyrtus_grandifolia
Melastomataceae,Lithobium,cordatum,Lithobium_cordatum,Lithobium_cordatum
Myrtaceae,Lindsayomyrtus,racemoides,Lindsayomyrtus_racemoides,Lindsayomyrtus_racemoides
Melastomataceae,Lijndenia,procteri,Lijndenia_procteri,Lijndenia_procteri
Myrtaceae,Leptospermum,erubescens,Leptospermum_erubescens,Leptospermum_erubescens
Melastomataceae,Leiostegia,vernicosa,Leiostegia_vernicosa,Leiostegia_vernicosa
Lythraceae,Lawsonia,inermis,Lawsonia_inermis,Lawsonia_inermis
Melastomataceae,Lavoisiera,imbricata,Lavoisiera_imbricata,Lavoisiera_imbricata
Myrtaceae,Lamarchea,hakeifolia,Lamarchea_hakeifolia,Lamarchea_hakeifolia
Combretaceae,Laguncularia,racemosa,Laguncularia_racemosa,Laguncularia_racemosa
Lythraceae,Lagerstroemia,indica,Lagerstroemia_indica,Lagerstroemia_indica
Vochysiaceae,Korupodendron,songweanum,Korupodendron_songweanum,Korupodendron_songweanum
Lythraceae,Koehneria,madagascariensis,Koehneria_madagascariensis,Koehneria_madagascariensis
Myrtaceae,Kjellbergiodendron,,Kjellbergiodendron,Kjellbergiodendron
Myrtaceae,Kardomia,jucunda,Kardomia_jucunda,Kardomia_jucunda
Myrtaceae,Kania,eugenioides,Kania_eugenioides,Kania_eugenioides
Myrtaceae,Hypocalymma,augustifolium,Hypocalymma_augustifolium,Hypocalymma_augustifolium
Melastomataceae,Huberia,consimilis,Huberia_consimilis,Huberia_consimilis
Myrtaceae,Hottea,neibensis,Hottea_neibensis,DROP
Myrtaceae,Homoranthus,thomasii,Homoranthus_thomasii,Homoranthus_thomasii
Myrtaceae,Homalospermum,firmum,Homalospermum_firmum,Homalospermum_firmum
Melastomataceae,Heterotis,rotundifolia,Heterotis_rotundifolia,Heterotis_rotundifolia
Myrtaceae,Heteropyxis,natalensis,Heteropyxis_natalensis,Heteropyxis_natalensis
Melastomataceae,Heterocentron,elegans,Heterocentron_elegans,Heterocentron_elegans
Melastomataceae,Henriettella,tovarensis,Henriettella_tovarensis,Henriettella_tovarensis
Melastomataceae,Henriettea,squamata,Henriettea_squamata,Henriettea_squamata
Lythraceae,Heimia,salicifolia,Heimia_salicifolia,Heimia_salicifolia
Melastomataceae,Guyonia,tenella,Guyonia_tenella,Guyonia_tenella
Combretaceae,Guiera,senegalensis,Guiera_senegalensis,Guiera_senegalensis
Melastomataceae,Gravesia,vestita,Gravesia_vestita,Gravesia_vestita
Melastomataceae,Graffenrieda,cucullata,Graffenrieda_cucullata,Graffenrieda_cucullata
Onagraceae,Gongylocarpus,rubricaulis,Gongylocarpus_rubricaulis,Gongylocarpus_rubricaulis
Penaeaceae,Glischrocolla,formosa,Glischrocolla_formosa,Glischrocolla_formosa
Lythraceae,Ginoria,nudiflora,Ginoria_nudiflora,Ginoria_nudiflora
Onagraceae,Gayophytum,diffusum,Gayophytum_diffusum,Gayophytum_diffusum
Lythraceae,Galpinia,transvaalica,Galpinia_transvaalica,Galpinia_transvaalica
Onagraceae,Fuchsia,excorticata,Fuchsia_excorticata,Fuchsia_excorticata
Melastomataceae,Fritzschia,erecta,Fritzschia_erecta,Fritzschia_erecta
Melastomataceae,Fordiophyton,strictum,Fordiophyton_strictum,Fordiophyton_strictum
Myrtaceae,Euryomyrtus,maidenii,Euryomyrtus_maidenii,Euryomyrtus_maidenii
Onagraceae,Eulobus,californicus,Eulobus_californicus,Eulobus_californicus
Myrtaceae,Eugenia,uniflora,Eugenia_uniflora,Eugenia_uniflora
Myrtaceae,Eucalyptus,cloeziana,Eucalyptus_cloeziana,Eucalyptus_cloeziana
Myrtaceae,Eucalyptopsis,papuana,Eucalyptopsis_papuana,Eucalyptopsis_papuana
Melastomataceae,Ernestia,maguirei,Ernestia_maguirei,Ernestia_maguirei
Vochysiaceae,Erismadelphus,exsul,Erismadelphus_exsul,Erismadelphus_exsul
Vochysiaceae,Erisma,arietinum,Erisma_arietinum,Erisma_arietinum
Melastomataceae,Eriocnema,fulva,Eriocnema_fulva,Ericomyrtus_serpyllifolia5545
Myrtaceae,Ericomyrtus,serpyllifolia,Ericomyrtus_serpyllifolia,Ericomyrtus_serpyllifolia
Onagraceae,Eremothera,pygmaea,Eremothera_pygmaea,Eremothera_pygmaea
Onagraceae,Epilobium,parviflorum,Epilobium_parviflorum,DROP
Onagraceae,Epilobium,canum,Epilobium_canum_subsp_mexicanum,Epilobium_canum_subsp_mexicanum
Myrtaceae,Enekbatus,cryptandroides,Enekbatus_cryptandroides,Enekbatus_cryptandroides
Penaeaceae,Endonema,retzioides,Endonema_retzioides,Endonema_retzioides
Lythraceae,Duabanga,grandiflora,Duabanga_grandiflora,Duabanga_grandiflora
Melastomataceae,Dolichoura,spiritusanctensis,Dolichoura_spiritusanctensis,Dolichoura_spiritusanctensis
Melastomataceae,Dissotis,multiflora,Dissotis_multiflora,Dissotis_multiflora
Melastomataceae,Dissochaeta,divaricata,Dissochaeta_divaricata,DROP
Melastomataceae,Dissochaeta,celebica,Dissochaeta_celebica,DROP
Melastomataceae,Dissochaeta,biligulata,Dissochaeta_biligulata,DROP
Melastomataceae,Dissochaeta,annulata,Dissochaeta_annulata,DROP
Melastomataceae,Dissochaeta,annulata,Dissochaeta_annulata,DROP
Lythraceae,Diplusodon,lanceolatus,Diplusodon_lanceolatus,Diplusodon_lanceolatus
Lythraceae,Didiplis,diandra,Didiplis_diandra,Didiplis_diandra
Melastomataceae,Dicrananthera,hedyotidea,Dicrananthera_hedyotidea,Dicrananthera_hedyotidea
Melastomataceae,Dicellandra,barteri,Dicellandra_barteri,Dicellandra_barteri
Melastomataceae,Desmoscelis,villosa,Desmoscelis_villosa,Desmoscelis_villosa
Lythraceae,Decodon,verticillatus,Decodon_verticillatus,Decodon_verticillatus
Myrtaceae,Decaspermum,fruticosum,Decaspermum_fruticosum,Decaspermum_fruticosum
Myrtaceae,Darwinia,speciosa,Darwinia_speciosa,Darwinia_speciosa
Combretaceae,Dansiea,elliptica,Dansiea_elliptica,Dansiea_elliptica
Melastomataceae,Cyphotheca,montana,Cyphotheca_montana,Cyphotheca_montana
Myrtaceae,Cyathostemon,ambiguus,Cyathostemon_ambiguus,Cyathostemon_ambiguus
Myrtaceae,Curitiba,prismatica,Curitiba_prismatica,Curitiba_prismatica
Lythraceae,Cuphea,hyssopifolia,Cuphea_hyssopifolia,Cuphea_hyssopifolia
Lythraceae,Crenea,maritima,Crenea_maritima,Crenea_maritima
Myrtaceae,Corynanthera,flava,Corynanthera_flava,Corynanthera_flava
Myrtaceae,Corymbia,ficifolia,Corymbia_ficifolia,Corymbia_ficifolia
Myrtaceae,Conothamnus,aureus,Conothamnus_aureus,Conothamnus_aureus
Melastomataceae,Conostegia,icosandra,Conostegia_icosandra,Conostegia_icosandra
Combretaceae,Conocarpus,erectus,Conocarpus_erectus,Conocarpus_erectus
Melastomataceae,Comolia,lythrarioides,Comolia_lythrarioides,Comolia_lythrarioides
Combretaceae,Combretum,molle,Combretum_molle,Combretum_molle
Myrtaceae,Cloezia,buxifolia,Cloezia_buxifolia,Cloezia_buxifolia
Onagraceae,Clarkia,purpurea,Clarkia_purpurea,Clarkia_purpurea
Melastomataceae,Cincinnobotrys,felicis,Cincinnobotrys_felicis,Cincinnobotrys_felicis
Onagraceae,Chylismia,claviformis,Chylismia_claviformis,Chylismia_claviformis
Myrtaceae,Cheyniana,microphylla,Cheyniana_microphylla,Cheyniana_microphylla
Melastomataceae,Charianthus,purpureus,Charianthus_purpureus,Charianthus_purpureus
Myrtaceae,Chamguava,schipii,Chamguava_schipii,Chamguava_schipii
Myrtaceae,Chamelaucium,uncinatum,Chamelaucium_uncinatum,Chamelaucium_uncinatum
Melastomataceae,Chalybea,macrocarpa,Chalybea_macrocarpa,Chalybea_macrocarpa
Melastomataceae,Chaetostoma,pungens,Chaetostoma_pungens,Chaetostoma_pungens
Melastomataceae,Chaetolepis,lindeniana,Chaetolepis_lindeniana,Chaetolepis_lindeniana
Melastomataceae,Centronia,laurifolia,Centronia_laurifolia,Centronia_laurifolia
Melastomataceae,Centradenia,floribunda,Centradenia_floribunda,Centradenia_floribunda
Melastomataceae,Catocoryne,linnaeoides,Catocoryne_linnaeoides,Catocoryne_linnaeoides
Melastomataceae,Castratella,piloselloides,Castratella_piloselloides,Castratella_piloselloides
Lythraceae,Capuronia,benoistii,Capuronia_benoistii,Capuronia_benoistii
Myrtaceae,Calytrix,leschenaultii,Calytrix_leschenaultii,Calytrix_leschenaultii
Myrtaceae,Calycolpus,goetheanus,Calycolpus_goetheanus,Calycolpus_goetheanus
Melastomataceae,Calycogonium,rosmarinifolium,Calycogonium_rosmarinifolium,Calycogonium_rosmarinifolium
Melastomataceae,Calvoa,crassinoda,Calvoa_crassinoda,Calvoa_crassinoda
Vochysiaceae,Callisthene,microphylla,Callisthene_microphylla,Callisthene_microphylla
Melastomataceae,Bucquetia,glutinosa,Bucquetia_glutinosa,Bucquetia_glutinosa
Melastomataceae,Bredia,okinawensis,Bredia_okinawensis,Bredia_okinawensis
Penaeaceae,Brachysiphon,fucatus,Brachysiphon_fucatus,Brachysiphon_fucatus
Melastomataceae,Boyania,ayangannae,Boyania_ayangannae,Boyania_ayangannae
Myrtaceae,Blepharocalyx,salicifolia,Blepharocalyx_salicifolia,Blepharocalyx_salicifolia
Melastomataceae,Blastus,borneensis,Blastus_borneensis,Blastus_borneensis
Melastomataceae,Blakea,schlimii,Blakea_schlimii,Blakea_schlimii
Melastomataceae,Bellucia,pentamera,Bellucia_pentamera,Bellucia_pentamera
Melastomataceae,Behuria,glutinosa,Behuria_glutinosa,Behuria_glutinosa
Melastomataceae,Beccarianthus,pulcherrimus,Beccarianthus_pulcherrimus,Beccarianthus_pulcherrimus
Myrtaceae,Beaufortia,squarrosa,Beaufortia_squarrosa,Beaufortia_squarrosa
Myrtaceae,Basisperma,lanceolata,Basisperma_lanceolata,Basisperma_lanceolata
Melastomataceae,Barthea,barthei,Barthea_barthei,Barthea_barthei
Myrtaceae,Barongia,lophandra,Barongia_lophandra,Barongia_lophandra
Myrtaceae,Balaustion,pulcherrimum,Balaustion_pulcherrimum,Balaustion_pulcherrimum
Myrtaceae,Backhousia,hughesii,Backhousia_hughesii,Backhousia_hughesii
Myrtaceae,Babingtonia,camphorosmae,Babingtonia_camphorosmae,Babingtonia_camphorosmae
Crypteroniaceae,Axinandra,zeylanica,Axinandra_zeylanica,Axinandra_zeylanica
Melastomataceae,Axinaea,floribunda,Axinaea_floribunda,Axinaea_floribunda
Myrtaceae,Austromyrtus,dulcis,Austromyrtus_dulcis,Austromyrtus_dulcis
Myrtaceae,Astus,tetragonus,Astus_tetragonus,Astus_tetragonus
Melastomataceae,Astrocalyx,calycina,Astrocalyx_calycina,Astrocalyx_calycina
Myrtaceae,Astartea,fascicularis,Astartea_fascicularis,Astartea_fascicularis
Melastomataceae,Arthrostemma,ciliatum,Arthrostemma_ciliatum,Arthrostemma_ciliatum
Myrtaceae,Arillastrum,gummiferum,Arillastrum_gummiferum,Arillastrum_gummiferum
Myrtaceae,Archirhodomyrtus,paitensis,Archirhodomyrtus_paitensis,Archirhodomyrtus_paitensis
Melastomataceae,Appendicularia,thymifolia,Appendicularia_thymifolia,Appendicularia_thymifolia
Melastomataceae,Antherotoma,naudinii,Antherotoma_naudinii,Antherotoma_naudinii
Myrtaceae,Angophora,euryphylla,Angophora_euryphylla,Angophora_euryphylla
Melastomataceae,Anaectocalyx,bracteosa,Anaectocalyx_bracteosa,Anaectocalyx_bracteosa
Melastomataceae,Amphorocalyx,latifolius,Amphorocalyx_latifolius,Amphorocalyx_latifolius
Melastomataceae,Amphiblemma,cymosum,Amphiblemma_cymosum,Amphiblemma_cymosum
Myrtaceae,Amomyrtus,meli,Amomyrtus_meli,Amomyrtus_meli
Myrtaceae,Amomyrtella,guili,Amomyrtella_guili,Amomyrtella_guili
Lythraceae,Ammannia,coccinea,Ammannia_coccinea,Ammannia_coccinea
Alzateaceae,Alzatea,verticillata,Alzatea_verticillata,Alzatea_verticillata
Myrtaceae,Aluta,aspera,Aluta_aspera,Aluta_aspera
Myrtaceae,Allosyncarpia,ternata,Allosyncarpia_ternata,Allosyncarpia_ternata
Melastomataceae,Alloneuron,ulei,Alloneuron_ulei,Alloneuron_ulei
Melastomataceae,Allomorphia,urophylla,Allomorphia_urophylla,Allomorphia_urophylla
Melastomataceae,Allomaieta,hirsuta,Allomaieta_hirsuta,Allomaieta_hirsuta
Lythraceae,Adenaria,floribunda,Adenaria_floribunda,Adenaria_floribunda
Melastomataceae,Adelobotrys,adscendens,Adelobotrys_adscendens,Adelobotrys_adscendens
Myrtaceae,Actinodium,cunninghamii,Actinodium_cunninghamii,Actinodium_cunninghamii
Melastomataceae,Acisanthera,quadrata,Acisanthera_quadrata,Acisanthera_quadrata
Melastomataceae,Aciotis,purpurascens,Aciotis_purpurascens,Aciotis_purpurascens
Myrtaceae,Accara,elegans,Accara_elegans,Accara_elegans
Melastomataceae,Acanthella,sprucei,Acanthella_sprucei,Acanthella_sprucei